country_code,data_level,v3,v4,v5,v6,v7,v8,v9,v10,v11,v12,v13,v14,v15,v16,v17,v18,v19,v20,v21,v22,v23,v24,v25,v26,v27,v28,v29,v30,v31,v32,v33,v34,v35,v36,v37,v38,v39,v40,v41,v42,v43,v44,v45,v46
ABW,national,,,,,,,,,,,,,,,,,,,,,,,,,,,,,,,,,,,,,,,15712.935,,,,,
AGO,national,,,,,,,,,,,,,,,,,,,,,,,,,,1391.826,1456.1918,1462.4758,1482.6493,1521.6025,1554.3203,1620.0656,1722.2382,1725.1387,1834.0598,1943.407,2030.637,2209.3567,2197.8318,2250.0603,2239.6575,2093.4958,1994.2791,1854.6417
ALB,national,,,,,,,,,,,,,,,,,,,,1714.8135,1415.4797,1348.1796,1397.472,1493.5566,1567.9246,1685.3682,1867.2853,1944.3365,2079.2434,2236.9468,2540.8784,2819.7361,2859.1023,2921.3333,2981.0872,2989.866,3050.3682,3142.7734,3189.7056,3263.0234,3345.3716,3465.6172,,
ARE,national,,,,,,,,,,,,,,,,,,,,,,,,,43190.453,43548.871,41627.863,42316.719,38525.32,38434.816,37084.73,36112.699,23278.303,15682.173,16620.668,14507.905,15170.147,17009.045,13691.699,13769.486,14860.386,15531.339,17358.791,
ARG,national,,,,,,,,,,,,,,,,,6149.7617,6440.9375,6083.729,6344.2563,6834.0503,6991.9253,6776.3472,6657.9639,6207.5469,5259.207,5628.1714,6098.1265,6481.4209,7118.8833,7706.3418,8183.0122,7664.3296,8457.9668,9144.3203,9141.3271,9368.5479,8862.2705,9087.7959,8922.0635,9197.1992,8901.5469,8232.9111,7087.1318
ARM,national,,,,,,,,,,,,,,,,,,879.48657,984.25067,1040.4122,1136.3625,1200.231,1216.8901,1325.09,1429.2727,1556.1362,1677.9939,1837.8304,2017.9597,2202.2488,2515.3,2672.9734,2570.842,2678.5325,2743.5583,2984.7207,3020.3745,3052.4216,2810.6499,2742.843,3117.5203,3259.2952,3632.2346,3114.7607
ASM,national,,,,,,,,,,,,,,,,,,,,,,,,,,8398.4834,8542.0557,8885.2236,8786.123,8699.7891,8655.5156,8542.9707,8399.998,8130.3496,7764.0049,7577.5396,7931.5361,8119.0415,8242.8408,8342.8447,8306.9697,8420.8828,8679.623,
ATG,national,,,,,,,,,,,,,,,,,,,,,,,,,,,,,,,,,,,,,,,9513.7061,,,,,
AUS,national,16579.957,16678.682,16757.541,16939.303,17402.305,17830.553,17923.395,17872.383,18137.744,18490.469,18674.004,19083.898,19623.188,19860.779,19938.828,20135.783,20332.197,20764.789,21305.523,21718.697,22338.293,23276.953,24152.063,24732.008,25182.859,25763.453,26613.469,27543.637,28216.557,29140.008,30243.494,30438.992,30462.547,31104.893,31684.09,31876.826,32028.99,32318.201,32646.502,32923.813,33224.629,33471.645,32808.32,
AUT,national,13761.146,13537.4,14204.178,14562.096,14710.258,14982.401,15822.131,15486.474,15759.514,16094.883,16473.598,16846.396,17372.432,17970.666,18325.008,18755.039,18620.719,18928.154,19060.299,19593.996,19654.021,20202.846,20651.039,21243.469,21433.379,21473.643,21741.727,22108.736,22452.352,22809.004,22986.123,23131.121,23266.859,23441.803,23677.168,23692.475,23534.633,23422.33,23274.246,23379.717,23663.297,23804.633,23900.154,21601.203
AZE,national,,,,,,,,,,,,,,,,,,,,,,,,,,,,,,,,,,,,,,,3118.1338,,,,,
BDI,national,,,,,,,,,,,,,,,,,,,,,208.22891,223.9068,215.41693,209.18364,206.06854,217.08757,203.78284,205.32126,224.01987,239.47929,228.33875,228.58261,221.88419,214.22943,223.76796,225.37804,241.4294,242.79604,230.42865,219.42854,212.89343,213.47592,213.10681,207.55545
BEL,national,12501.348,12801.473,13446.281,13322.3,13378.331,13708.288,13688.786,13739.508,14107.432,14485.834,14724.652,15164.931,15609.74,16057.315,16480.938,16727.418,16587.498,16932.492,17163.371,17466.193,17691.102,18207.52,18549.613,19025.934,19139.453,19170.381,19227.334,19348.027,19519.803,19735.652,20001.164,20116.627,20072.063,20487.998,20398.191,20569.564,20814.582,20836.773,21044.762,21267.225,21584.996,21889.141,22088.268,20039.813
BEN,national,755.72522,756.33887,775.02289,795.36157,844.49091,725.53815,693.54895,728.86133,787.60272,752.78851,715.68652,774.05975,695.68744,636.98157,674.24677,689.13922,700.63519,641.06586,646.52075,662.40417,674.90222,690.9353,706.51154,737.39441,746.81555,755.72223,752.95544,760.19861,753.43213,763.85175,770.28058,781.31842,781.19214,775.13574,781.93506,774.91626,784.09607,790.6825,809.45135,802.63531,808.19458,813.91486,819.83655,823.83527
BFA,national,316.86295,308.09122,309.27399,324.69968,330.26166,327.75223,320.94516,292.91214,298.68051,332.17761,306.94052,315.80194,301.92273,285.25552,292.34222,286.59732,297.50198,231.53383,263.43735,303.25122,302.14774,332.69568,378.10565,369.35217,363.53101,372.19913,380.18738,393.53973,402.94324,407.77377,402.22092,418.51242,410.24261,419.65475,430.24634,457.08716,471.76917,464.07224,467.27997,473.15787,475.9574,480.71466,494.20868,
BGD,national,504.85269,535.83698,540.27557,527.69226,497.12704,482.59979,493.29385,500.74042,497.91727,498.54666,501.76083,500.7334,509.21979,514.96899,512.35785,519.61682,526.51776,534.47687,532.67029,523.94476,520.104,524.01111,536.75452,550.4989,554.32324,558.44928,576.76599,604.01514,636.58832,673.99835,703.72528,717.54968,734.06342,766.16302,797.34387,824.66589,852.38202,884.29718,912.84766,950.26532,1027.4513,1091.1075,1115.2144,
BGR,national,,,,2105.5471,2193.5486,2302.519,2349.7842,2465.1484,2462.5161,2510.0654,2649.6174,2820.2598,2744.5498,2953.6877,2235.8271,2205.7268,2158.9131,2070.9417,2466.3611,2560.9973,1741.6464,1718.342,1854.1631,2036.5734,2236.6538,2418.3435,2593.5493,2857.7236,3093.3381,3381.9712,3792.937,3950.2014,3804.3291,3840.7554,3965.9792,4121.7183,4038.1238,4178.6387,4365.3408,4550.7031,4758.1655,5003.6499,5314.0757,5364.1138
BHR,national,,,,,,,,,,,,,,,,,,,,,,,,8987.9219,9200.9385,8790.9277,8571.6787,8160.4321,7824.7412,7344.938,7123.0801,8287.0283,8648.5313,9432.8428,9763.7227,9708.5918,10546.639,10309.851,10298.716,9887.7393,9559.2227,9225.6367,8699.249,
BHS,national,,,,,,,,,,,,,21446.775,20640.867,19386.092,18070.5,17679.994,17754.26,18757.627,19697.955,21956.498,21699.17,23167.326,23385.463,23203.09,23639.488,23022.295,22247.77,23602.035,23842.547,23676.99,22431.588,19865.986,19765.641,19110.551,19623.627,19037.467,19751.635,19564.137,19480.088,20808.225,20992.535,20043.836,
BIH,national,,,,,,,,,,,,,,,,,,,,,,,,,,,,,,3325.9463,3565.5715,3577.781,3442.9163,3474.3926,3510.9072,3542.5911,3606.8606,3738.8928,3856.092,3989.2913,4073.6877,4187.0479,4327.2041,4180.0708
BLR,national,,,,,,,,,,,,,,810.12274,759.21832,716.05975,679.46301,585.13538,518.60889,548.09265,610.25928,694.39795,760.74921,823.41101,970.88068,1084.9526,1171.1556,1290.0237,1489.0439,1688.5243,1923.0685,2244.8706,2249.886,2466.7461,2525.8403,2798.3386,3095.9241,3225.5725,3145.7295,3041.5796,3185.0676,3442.4968,3641.2356,3593.8245
BLZ,national,,,,,,,,,,,,,,,,2848.803,2842.4224,2940.8589,2999.0554,2950.3843,2910.1094,2989.7988,3122.4963,3272.032,3470.3521,3588.02,3622.5767,3524.8811,3344.3779,3182.8872,3184.2727,3050.2759,3085.2388,3167.981,3237.3801,3202.3135,3286.8545,3246.7727,3318.1411,3427.9119,3221.717,3075.1792,2917.425,2462.0115
BMU,national,,,,,,,,,,,,,,,,,,,,,,,,,,,,,,,,,,,,,,,49630.242,,,,,
BOL,national,1563.6219,1486.5835,1467.0579,1462.7086,1438.538,1353.0573,1265.2567,1239.65,1262.8247,1298.4073,1310.9897,1295.0217,1290.5216,1306.1689,1321.3569,1339.7787,1355.563,1366.5641,1378.1292,1394.4279,1440.8331,1486.6849,1498.0929,1503.2482,1493.5901,1495.7869,1496.0741,1511.9,1534.6112,1569.356,1606.9167,1666.5988,1699.2655,1738.0533,1799.0659,1852.0508,1931.1771,2004.6377,2077.2031,2116.218,2184.4453,2246.238,2296.4507,
BRA,national,3207.8064,3192.1699,3445.7427,3665.728,3496.7915,3526.7158,3623.4956,3879.1265,3749.3721,3703.9158,3488.2896,3467.2441,3270.8945,3305.9504,3517.1389,3435.2791,3531.8899,3733.2859,3990.4048,4047.8408,4105.9009,4014.4861,3970.4272,4072.1311,4047.8276,4047.7256,3975.325,4081.9644,4213.8999,4388.4868,4620.1084,4870.0991,5038.4292,5302.3218,5507.127,5649.146,5794.396,5874.2983,5637.8564,5374.4609,5439.3281,5524.543,5603.3359,5260.0713
BRB,national,,,,,,,,,,,,,,,,,,,,,,,,,,,,,,,,,,,,,,,12673.958,,,,,
BRN,national,,,,,,,,,,,,,3978.6904,4053.4126,3873.0986,4606.7266,5250.3042,4711.8252,4372.2573,4749.4824,5237.5645,4617.9292,4389.0034,3997.0767,4081.3169,4030.3457,4581.4253,5055.3574,4948.6074,5061.7896,5098.3652,5127.0884,5319.9761,5349.3818,5566.457,5968.1528,6243.4233,5933.0723,6165.9927,6014.0757,6228.5552,6297.7334,6604.8101,7020.7119
BTN,national,,,,,,,,,,,,,,432.5163,505.58606,582.10602,457.66968,410.73352,435.85474,499.7897,511.23792,619.77429,576.91345,534.30768,486.94861,572.65698,656.44318,701.729,845.48743,534.33344,923.34088,836.03754,919.47217,961.82465,1007.8939,970.36627,1555.3815,1458.972,1640.6484,1541.6198,1601.5885,1815.6686,1905.028,
BWA,national,935.31055,1013.8723,1097.2716,1078.0255,1020.5592,938.87323,847.00439,877.58722,992.21863,1021.4375,984.45758,1032.4432,1246.0763,1475.0653,1573.6564,1511.0747,1438.05,1435.9967,1639.1323,1687.2528,1869.8394,1865.9725,1826.7893,1766.7607,1656.3323,1707.8173,1700.8804,1722.2681,1872.2786,2151.168,2421.5427,2779.9114,2876.8645,3071.9663,3267.406,3184.9868,3467.4233,3453.2385,3537.3374,3550.8472,3706.1431,3773.7263,3848.4429,3779.1077
CAF,national,,,,,,,,,,,,,,,,,,,,,,,,,,,,,,,,,541.81854,519.36053,515.83728,558.14069,301.01523,307.39734,311.10046,335.44351,333.43384,372.19113,367.49762,
CAN,national,13894.164,14166.947,14348.473,14406.465,14400.236,13864.972,14071.314,14474.137,15045.305,15406.288,15793.793,16233.314,16488.51,16464.471,16079.977,16135.928,16256.107,16543.861,16741.021,17058.844,17715.91,18050.4,18608.934,19185.691,19434.793,19993.273,20357.582,20785.896,21399.188,22073.34,22824.664,23254.195,23009.715,23571.246,23873.357,24063.277,24436.035,24815.303,25202.477,25443.02,26064.711,26350.32,26410.299,24575.037
CHE,national,31308.031,32000.209,32342.955,33061.133,33197.406,33087.211,33360.242,33779.035,34348.496,35127.496,35952.504,36451.016,37071.457,37271.414,37478.574,37241.48,36766.746,36919.613,36997.41,37384.879,38057.457,38833.059,39476.473,40139.488,40831.758,40681.266,40570.664,41043.313,41318.672,41684.773,42193.473,42290.922,42415.719,42763.066,42882.625,43357.242,43831.422,43723.238,44294.129,44527.176,44626.281,44592.148,44877.031,42914.719
CHL,national,2217.8062,2348.9836,2464.5964,2597.2429,2903.6208,2441.1956,2269.5564,2251.6316,2196.959,2274.4136,2400.7932,2528.5884,2740.1211,2754.647,2949.9583,3301.8179,3489.8198,3716.1558,4020.0828,4336.9644,4604.2427,4766.27,4661.2817,4797.3052,4840.811,4891.3931,5059.2412,5421.5166,5778.7495,6144.5469,6509.3286,6707.4346,6579.5288,7208.0747,7721.7319,8110.4614,8398.9854,8532.3154,8611.4463,8728.0723,8897.9512,9110.7227,9094.2852,8340.1631
CHN,national,,,,,,,,,,,,,,,,,,,557.00671,615.01123,644.93011,681.98981,739.24359,818.44971,869.28058,942.28687,994.11102,1068.1366,1178.9406,1292.1588,1462.5104,1582.8324,1732.3424,1923.9573,2202.8733,2393.9614,2593.3032,2817.4434,3047.1265,3301.5222,3596.1614,3877.6938,4112.4058,
CHN,rural,,,,,,,,,,,,,,,,,,,557.00671,615.01123,644.93011,681.98981,739.24359,818.44971,869.28058,942.28687,994.11102,1068.1366,1178.9406,1292.1588,1462.5104,1582.8324,1732.3424,1923.9573,2202.8733,2393.9614,2593.3032,2817.4434,3047.1265,3301.5222,3596.1614,3877.6938,4112.4058,
CHN,urban,,,,,,,,,,,,,,,,,,,557.00671,615.01123,644.93011,681.98981,739.24359,818.44971,869.28058,942.28687,994.11102,1068.1366,1178.9406,1292.1588,1462.5104,1582.8324,1732.3424,1923.9573,2202.8733,2393.9614,2593.3032,2817.4434,3047.1265,3301.5222,3596.1614,3877.6938,4112.4058,
CIV,national,,,,,,,,,,,,,,,,,,,,,,,,,,,,,,,,1032.39,1047.0919,1070.1235,1000.6846,1070.5034,1088.4094,1169.9769,1297.489,1405.8822,1470.1527,,,
CMR,national,730.6745,788.53418,822.97766,684.71759,787.5592,870.61163,837.68915,816.81543,837.50122,1006.8279,1019.991,871.69244,732.26965,695.15997,658.38251,576.30383,649.95386,660.02075,656.27771,664.74475,705.34894,712.30737,737.22693,760.14923,768.89716,770.37183,800.51312,813.39709,831.61255,835.50281,848.58191,853.65906,845.07428,847.24481,849.05121,864.20172,893.04547,915.14972,938.23962,944.15894,959.01971,978.24658,996.18921,975.44312
COD,national,,,,,,,,,,,,,,,,,367.07867,369.44598,363.52414,339.47742,311.83649,323.00983,297.83762,293.94073,283.66022,248.09309,297.3898,301.4437,312.45084,302.88406,314.67172,306.20007,302.83487,313.11945,284.18268,319.2634,347.91513,362.72076,374.27817,370.94067,367.53427,362.68338,371.53128,356.25848
COG,national,461.44019,504.78717,433.22055,505.54865,586.52069,838.50867,675.50281,703.55768,709.95966,643.45856,634.29803,619.39319,605.1933,549.59058,616.90875,464.99011,514.91565,597.30847,689.85925,766.40137,735.98401,401.77011,751.36786,711.54279,847.29419,608.88831,660.13727,688.25439,774.08441,798.05719,829.1814,873.59882,865.73993,852.83966,877.44214,872.80988,851.23669,894.88385,921.39508,879.16858,772.69904,786.89526,786.1084,734.33417
COL,national,2319.4761,2458.6628,2508.1907,2561.679,2579.1855,2560.9219,2517.6177,2535.2278,2529.3342,2558.1047,2601.647,2645.7329,2677.7725,2704.7908,2693.9248,2722.1165,2833.1277,2944.8982,3048.7278,3026.1077,3045.7539,2970.7361,2764.6563,2775.0068,2774.1489,2786.7559,2826.6704,2894.5679,2982.3491,3131.6809,3295.9553,3391.4595,3411.2334,3546.1357,3705.146,3878.8091,4021.6387,4150.3696,4228.9321,4237.5498,4259.6108,4330.9536,4441.2393,4136.8057
COM,national,,,,1219.1635,1227.2681,1268.366,1293.3419,1309.9913,1302.6022,1289.0938,1272.3547,1268.4371,1192.2179,1216.5117,1117.5453,1177.9203,1178.7162,1085.0967,1093.2566,1049.9144,1063.2241,1048.8068,1041.7577,1126.0142,1124.2231,1122.917,1119.5465,1114.2572,1118.9042,1121.3818,1095.4541,1118.6418,1138.9739,1132.9409,1156.7421,1177.6693,1188.7318,1178.1556,1159.3649,1169.4263,1191.1329,1186.2917,1167.7556,
CPV,national,,,,,,,,,,,,,,,,,,,,,,,,,,,,,,,1834.7032,1841.8915,1930.5347,1883.5153,1900.2892,1939.1328,1948.9456,1947.2428,1984.4331,2008.5585,2126.5278,2133.4131,2233.4675,1959.1467
CRI,national,4398.4883,4641.207,4626.6968,4422.0088,3936.5864,3463.1375,3558.8005,3714.7449,3771.908,3866.1396,3906.6265,3888.0752,3982.4053,4040.4983,3898.7512,4164.7168,4444.3818,4557.1538,4544.1787,4512.3711,4619.0581,4720.9531,4702.4819,4655.6729,4680.4331,4858.772,5018.0635,5071.8135,5241.2012,5435.5879,5773.9609,6037.4331,5976.7505,6250.5073,6597.6006,6993.3579,7045.4082,7302.9795,7561.7837,7763.106,8110.52,8161.9629,8217.0137,7789.8516
CUB,national,2235.9431,2366.252,2378.7195,2241.2927,2664.4377,2906.9404,3059.366,3297.2346,3230.8943,3234.6514,3264.552,3303.6724,3321.8293,3075.8965,2741.1526,2238.7444,1975.5035,2077.9358,2098.8608,2170.9243,2210.9307,2242.4658,2347.3394,2387.4241,2470.1807,2514.9548,2663.8672,2699.7939,2707.3059,3213.9534,3265.6418,3212.0234,3243.7876,3498.8347,3544.4167,3653.1196,3832.9102,4000.0547,4287.4136,4460.9019,4534.0454,4636.2261,,
CYP,national,4309.6987,4769.4731,5013.0469,5240.0957,5241.8423,5775.4106,6144.3096,6338.48,6632.1357,6670.1973,6957.3755,7607.2637,8017.3086,8550.8965,9158.6758,9201.541,8565.3467,8963.2861,11360.61,11595.967,11717.197,12408.871,12783.329,13662.759,14265.579,14537.894,14988.432,15853.094,16237.398,16594.068,17828.025,18813.979,17120.395,17441.516,16852.322,16140.129,15044.518,15202.112,15765.765,16499.396,17134.482,17795.742,18075.779,16947.318
CZE,national,,,,,,,,,,,,,,5593.2803,4405.3325,4788.5981,4843.125,5043.8438,5278.2046,5678.3535,5851.2188,5833.3433,6025.9888,6134.9375,6343.145,6552.0029,6889.4189,7085.396,7328.728,7583.1162,7851.0908,8019.417,7936.2686,8020.5229,8035.4229,7937.5391,8007.0771,8111.1968,8408.415,8709.7744,9037.9404,9323.752,9536.6523,8862.6328
DEU,national,12805.143,13276.009,13703.022,13881.067,13808.305,13682.428,13911.333,14232.059,14528.081,15076.496,15589.628,15941.538,16299.162,16841.217,17448.295,17823.289,17719.648,17907.154,18131.029,18367.27,18476.945,18740.664,19215.77,19505.484,19705.854,19401.193,19472.309,19601.496,19761.373,20049.127,20028.412,20133.648,20167.365,20341.766,21105.492,21382.008,21400.893,21535.781,21763.66,22115.451,22344.822,22597.281,22899.4,21519.697
DJI,national,,,,,,,,,,,,,,,,,,,,,,,,,,,,,,,,,,,,,1398.8243,1503.1091,1633.1752,1788.3518,1946.4093,2008.231,2076.9465,1944.2517
DNK,national,16706.879,16943.043,17075.877,16673.516,16468.766,16712.951,17044.303,17653.027,18438.025,19726.203,19326.195,18962.787,19011.703,19132.855,19392.91,19824.752,19588.732,20822.555,21062.117,21457.416,21997.879,22433.736,22332.859,22344.4,22315.344,22565.799,22804.768,23802.963,24615.355,25257.813,25590.895,25565.736,24556.543,24639.279,24605.707,24638.908,24604.957,24703.629,25089.143,25497.176,25913.35,26685.063,26915.729,26482.955
DOM,national,1907.0734,1858.8967,1773.1433,2080.6953,2035.067,2076.2234,2087.3323,2092.3513,2014.0662,2057.4829,2260.3521,2385.3203,2461.6157,2195.3738,2216.4958,2460.7454,2517.3354,2472.7761,2578.0171,2625.6536,2788.7319,2829.3997,2949.2236,3001.8228,3002.8511,3070.0527,2947.4944,2985.762,3316.5979,3569.8564,3728.3433,3881.7058,4048.0837,4273.479,4404.9014,4435.3779,4481.0444,4664.5547,4908.5361,5146.6997,5311.6465,5553.0889,5749.4419,5499.6245
DZA,national,1286.2656,1249.3617,1329.9113,1424.0963,1502.4548,1484.4371,1530.8179,1561.7021,1610.6428,1549.9816,1420.3289,1260.2709,1363.9984,1282.5931,1159.2117,1186.8428,1131.441,1101.9852,1103.5748,1058.3418,1018.9113,1024.7776,1040.1934,1050.7865,1086.214,1116.6783,1151.5731,1208.5802,1245.4115,1266.618,1313.1232,1380.0994,1439.0553,1492.2521,1551.8704,1598.6698,1645.3202,1683.1359,1713.3724,1733.9764,1729.4581,1742.5496,1745.0653,1619.0771
ECU,national,2508.7043,2499.0166,2626.8186,2760.1067,2888.1987,2904.4585,2726.4827,2707.2749,2747.2693,2686.9204,2789.2236,2646.78,2587.9092,2682.594,2726.7009,2692.1753,2715.2485,2774.438,2822.7207,2797.8555,2902.9827,3039.9937,2616.9519,2588.2732,2731.5715,2873.9468,2910.1233,3045.7661,3127.8391,3209.7476,3290.2593,3410.9375,3322.6118,3522.4333,3646.5366,3695.4956,3783.1396,3827.0217,3762.1409,3609.321,3678.231,3689.2793,3638.3301,3332.4368
EGY,national,1498.636,1448.085,1335.8223,1427.7255,1404.6029,1443.4158,1510.0038,1553.953,1581.0294,1601.0422,1627.5455,1659.9619,1692.106,1722.8921,1746.7146,1764.3079,1791.3599,1821.9111,1851.0317,1888.5341,1926.6984,1968.9149,2022.7286,2073.325,2095.1357,2100.8037,2108.01,2141.7522,2222.5269,2329.8511,2433.7222,2525.9316,2598.6104,2668.887,2768.8057,2839.4749,2883.3196,2924.8411,2972.5889,3038.8511,3053.3032,3021.6255,3085.292,
ESP,national,9602.7148,9596.3252,9635.7344,9756.1309,9590.2383,9536.6543,9527.208,9468.8369,9650.0186,9948.6152,10513.485,11004.377,11583.37,11977.802,12292.245,12498.058,12196.854,12270.565,12425.865,12677.522,12981.634,13497.946,14088.38,14647.752,15110.224,15356.611,15438.209,15789.758,16166.941,16529.391,16777.004,16395.563,15667.133,15652.766,15213.245,14698.882,14321.293,14606.834,15049.048,15441.355,15871.026,16069.466,16112.15,14113.491
EST,national,,,,,,,,,,,,,,,,,2919.5457,3008.7317,3218.3777,3586.5378,4108.4678,4297.2261,4301.0469,4581.5469,4931.167,5441.5898,6007.6851,6535.4121,7212.377,8189.1006,8920.1162,8538.8594,7362.1587,7285.2729,7531.8018,7888.8711,8209.8467,8528.5752,8940.1914,9335.3965,9553.3574,9932.8369,10301.351,10009.838
ETH,national,,,,,,,,,,,,,,,,,,,,,,,,,,,,,,,,,,,384.73016,398.36942,419.03943,440.96765,458.64081,473.96765,506.05389,595.71765,732.07056,
FIN,national,10936.663,11159.421,11778.947,12037.794,12162.164,12715.5,13032.791,13390.897,13879.041,14404.788,15038.363,15827.889,16507.641,16386.346,15804.247,15057.992,14586.028,14901.02,15575.56,16109.536,16623.59,17379.439,17919.07,18257.725,18704.891,19126.004,19867.836,20553.336,21133.402,21877.787,22547.814,22884.76,22110.203,22668.723,23216.98,23195.68,22968.547,23012.451,23305.35,23802.953,23926.764,24304.248,24436.561,23252.883
FJI,national,,,,,,,,,,,,,,,,,,,,,,,,,,,,,,,,,,,,,,,3083.2432,,,,,
FRA,national,11798.098,12206.045,12568.146,12661.485,12849.083,13199.188,13236.201,13247.936,13419.531,13832.083,14203.938,14593.059,14976.039,15287.439,15302.278,15397.602,15322.112,15520.893,15731.26,15982.933,16012.204,16589.139,17075.693,17580.863,17892.955,18133.186,18272.572,18492.416,18797.295,19066.787,19448.984,19441.584,19400.771,19668.789,19694.789,19516.762,19515.475,19582.469,19801.564,20100.898,20339.012,20482.484,20799.188,19288.262
FRO,national,,,,,,,,,,,,,,,,,,,,,,,,,,,,,,,,,,,,,,,25708.824,,,,,
GAB,national,2551.3162,3437.8237,3036.8572,2999.5764,3224.9502,2812.4929,3361.0103,2995.7344,2748.2485,3321.2363,2712.834,2322.9165,3061.5356,2887.7666,2755.7666,2619.0469,2529.2683,2201.9275,2181.6008,1924.9988,1863.47,2199.7893,2270.3328,2315.2417,2253.9924,2248.2571,2200.5513,2205.8337,2255.146,2328.2036,2342.1382,2345.8303,2384.3516,2476.2388,2559.603,2617.7573,2726.1274,2775.2356,2794.2534,2772.8289,2707.7024,2627.5652,2587.3337,2480.3123
GBR,national,12087.106,12733.363,13277.413,13250.347,13267.288,13416.979,13975.243,14276.167,14797.224,15717.211,16547.01,17791.02,18364.092,18487.789,18050.443,18285.469,19032.605,19652.309,20024.518,20711.803,21707.201,22544.697,23476.502,24428.918,25201.922,25922.539,26662.301,27355.311,27840.773,28081.813,28517.809,28185.844,27208.936,27308.008,27067.973,27341.889,27874.715,28317.279,28939.508,29697.898,29831.297,30074.193,30234.02,26779.506
GEO,national,,,,,,,,,,,,,,,,,,,,,,,,,,,,,,,,,,2364.2419,2596.7515,2725.1794,2802.9016,2961.8147,3069.2109,2893.8875,3107.2373,3289.0898,3532.4102,3728.1389
GHA,national,,,,,,,,,,,,,,,,,,,,,,,,,,,,,,739.62836,764.30371,857.48138,853.91199,977.08429,1010.2341,1049.4088,1228.5339,1302.249,1305.3964,1268.9451,1262.1252,1350.2991,1376.3494,
GIN,national,,,,,,,,,,,,,,,,,,,,,,,,,,,,,,618.02942,642.36475,608.68115,594.06335,568.7381,578.83368,612.07147,654.55273,627.60254,655.4314,682.81201,670.80347,674.92603,680.37549,534.28851
GMB,national,,,,,,,,,,,,,,,,,,,,,,,,,,,,570.98291,557.22278,520.60425,542.88885,573.008,578.68512,599.69574,546.37311,523.43488,565.39355,551.28485,539.55499,526.57452,559.87817,596.34351,602.98871,
GNB,national,,,,,,,,,,,,,,,,,,,,,,,,478.03775,532.02264,532.02869,488.21179,512.23596,482.0416,498.00015,491.03745,507.10388,507.4834,557.43011,528.47168,514.11914,509.15433,475.31784,514.60327,555.87726,632.22009,537.18256,530.0932,497.24954
GNQ,national,,,,,,,,,,,,,,,,,,,,,,,,,,,,,2209.0818,3543.9182,3713.3811,3917.9619,3800.1951,3935.2349,3913.9265,4000.4114,4525.8604,4501.9028,4409.1177,4355.6406,4337.3794,4323.1797,4315.5024,4312.231
GRC,national,7739.5923,8244.293,8609.0557,8563.6875,8429.2031,8661.3574,8791.6895,8781.416,8792.0781,8633.2529,8833.7432,9334.7832,9869.8652,10021.786,10188.358,10340.627,10201.326,10347.791,10559.434,10794.219,11220.342,11667.816,12029.653,12282.87,12661.951,13257.172,13825.1,14288.357,14705.946,15069.723,15644.088,16161.796,15850.14,14797.813,13535.442,12591.382,12235.369,12317.914,12360.782,12348.341,12606.724,12919.495,13176.935,12504.767
GRL,national,,,,,,,,,,,,,,,,,,,,,,,,,,,14470.646,15802.695,16815.691,17330.623,17605.941,17693.535,17822.707,17573.086,17646.811,17507.23,17415.543,17597.568,17686.57,17926.463,18165.154,18412.205,,
GTM,national,2452.22,2516.3362,2561.6567,2583.0901,2551.1123,2409.2429,2311.7856,2274.6279,2205.0488,2162.7576,2185.6829,2213.1875,2217.6265,2201.6543,2237.1416,2281.845,2320.0408,2372.6133,2436.5498,2445.3076,2483.8533,2536.7346,2565.5442,2591.6301,2625.752,2652.5105,2695.4636,2740.3975,2798.9067,2871.2131,2966.769,3036.7117,2971.3218,3017.8022,3071.2659,3111.9346,3170.9619,3258.0698,3368.1729,3447.678,3503.0515,3569.6624,3673.6289,3578.666
GUM,national,,,,,,,,,,,,,,,,,,,,,,,,,,18828.904,17424.816,18221.631,19015.508,18434.051,18536.33,19071.547,19210.781,19029.705,19267.924,19953.766,20031.256,20038.002,20308.803,20477.625,20856.984,20537.488,20737.164,
HKG,national,6036.5254,6940.5879,7192.5078,7855.437,8256.5508,8554.7646,9076.5635,9513.834,9821.6934,10532.031,11536.739,12512.191,12857.167,13618.444,14756.422,15888.819,16843.705,17538.875,17475.125,17339.109,18147.959,17007.893,17022.34,17634.869,17750.527,17487.174,17248.863,18334.691,18901.635,19925.408,21463.291,21740.529,21732.633,22892.623,24647.615,25377.117,26443.02,27134.896,28185.975,28570.977,29914.932,31246.848,30764.066,27807.719
HND,national,1370.7728,1366.1582,1307.6227,1367.1445,1335.5133,1320.6183,1261.9808,1315.3978,1280.4529,1315.7172,1296.8922,1285.7896,1314.9155,1282.0381,1308.2533,1299.4355,1318.7689,1287.9968,1273.0936,1301.7728,1304.7155,1325.282,1277.481,1326.9822,1350.7834,1371.2712,1395.9719,1429.9353,1481.9044,1573.6948,1631.9946,1644.5121,1611.3827,1636.7041,1663.0012,1701.9768,1734.4215,1747.5488,1784.3848,1824.1459,1886.8383,1958.3374,2016.5616,1860.3899
HRV,national,,,,,,,,,,,,,,,,,,,4494.5537,4641.3853,5216.9985,5154.3511,5024.8501,5304.9429,5800.6245,6348.7754,6642.0078,6942.5005,7251.0835,7342.6694,7713.3359,7947.1211,7251.4785,7157.2349,7258.3589,7107.9434,7020.2422,6875.9189,6958.0498,7226.2271,7541.9917,7864.0503,8185.0854,7709.7832
HTI,national,,,,,,,,,,,,904.94641,852.59998,868.36945,809.75598,773.69305,795.74426,750.59314,865.94849,952.2384,966.93372,996.74957,1089.6375,1199.2952,1186.1252,1179.0269,1177.514,1157.431,1171.9954,1173.0287,1186.1475,1206.2605,1275.2659,1237.6919,1264.699,1273.9438,1302.1288,1302.5087,1344.2101,1383.428,1414.7587,1430.8634,1399.2982,
HUN,national,,,,,,,,,,,,,,,4165.6641,4241.1328,4431.8018,4458.0308,4136.9336,4042.801,4133.3359,4343.2231,4645.3599,4801.8813,5031.3154,5443.4302,5919.1172,6051.6362,6237.1084,6343.6177,6419.4795,6348.8911,5931.4531,5871.9146,5938.6528,5834.9722,5842.1226,5998.6987,6240.2803,6554.9106,6903.9819,7264.4307,7636.4531,7475.1455
IDN,national,463.5751,489.26608,540.31238,594.93127,678.28827,685.07373,720.03076,732.49072,724.54431,725.4834,734.93768,749.16101,766.10022,826.89197,871.98938,881.84027,918.02502,974.23059,1080.0292,1167.4297,1240.5746,1147.6533,1184.1884,1186.4492,1211.2208,1240.7252,1271.7551,1317.1321,1351.0281,1375.4897,1425.3621,1481.6837,1533.1627,1584.4912,1642.3793,1709.7076,1779.3462,1848.9635,1914.0594,1986.2227,2060.7869,2142.2056,2228.1597,2145.7334
IDN,rural,463.5751,489.26608,540.31238,594.93127,678.28827,685.07373,720.03076,732.49072,724.54431,725.4834,734.93768,749.16101,766.10022,826.89197,871.98938,881.84027,918.02502,974.23059,1080.0292,1167.4297,1240.5746,1147.6533,1184.1884,1186.4492,1211.2208,1240.7252,1271.7551,1317.1321,1351.0281,1375.4897,1425.3621,1481.6837,1533.1627,1584.4912,1642.3793,1709.7076,1779.3462,1848.9635,1914.0594,1986.2227,2060.7869,2142.2056,2228.1597,2145.7334
IDN,urban,463.5751,489.26608,540.31238,594.93127,678.28827,685.07373,720.03076,732.49072,724.54431,725.4834,734.93768,749.16101,766.10022,826.89197,871.98938,881.84027,918.02502,974.23059,1080.0292,1167.4297,1240.5746,1147.6533,1184.1884,1186.4492,1211.2208,1240.7252,1271.7551,1317.1321,1351.0281,1375.4897,1425.3621,1481.6837,1533.1627,1584.4912,1642.3793,1709.7076,1779.3462,1848.9635,1914.0594,1986.2227,2060.7869,2142.2056,2228.1597,2145.7334
IND,national,289.74399,301.88495,294.41992,305.23715,314.51263,312.88538,324.21082,329.6825,334.70187,338.46924,342.25266,353.52463,364.36017,373.21497,375.60904,377.23181,384.2897,394.70981,409.59271,431.47757,440.97525,457.28033,476.81876,487.52774,504.67392,514.12146,531.78668,551.23236,579.97748,602.66742,633.41437,656.15778,678.36255,711.33514,753.05151,787.89075,831.93506,876.75507,932.49017,996.86127,1052.2153,1116.6425,1171.9117,1096.9127
IND,rural,289.74399,301.88495,294.41992,305.23715,314.51263,312.88538,324.21082,329.6825,334.70187,338.46924,342.25266,353.52463,364.36017,373.21497,375.60904,377.23181,384.2897,394.70981,409.59271,431.47757,440.97525,457.28033,476.81876,487.52774,504.67392,514.12146,531.78668,551.23236,579.97748,602.66742,633.41437,656.15778,678.36255,711.33514,787.84686,810.72656,845.17767,876.51367,919.31769,962.17523,999.69305,1040.2294,1069.6443,
IND,urban,289.74399,301.88495,294.41992,305.23715,314.51263,312.88538,324.21082,329.6825,334.70187,338.46924,342.25266,353.52463,364.36017,373.21497,375.60904,377.23181,384.2897,394.70981,409.59271,431.47757,440.97525,457.28033,476.81876,487.52774,504.67392,514.12146,531.78668,551.23236,579.97748,602.66742,633.41437,656.15778,678.36255,711.33514,787.84686,805.82355,832.89191,857.51263,891.14392,932.68805,969.05609,1008.3501,1036.8635,
IRL,national,8721.2139,9381.7705,9668.0811,9598.4492,9647.8525,8882.5527,8894.9365,9017.624,9416.5566,9601.7217,9919.9219,10409.288,11131.846,11279.673,11417.427,11667.146,11946.318,12418.607,12780.945,13551.153,14338.155,15315.527,16580.191,18061.457,18617.748,18972.248,19186.813,19558.375,20480.943,21209.523,21980.441,21578.02,20222.789,20173.662,19837.424,19624.18,19601.609,19987.639,20404.801,21201.438,21393.66,21916.344,22311.006,19594.039
IRN,national,1685.7544,1681.9851,1675.0148,1569.9805,1528.5441,1561.3036,1691.9374,1740.7092,1713.063,1523.2815,1360.9971,1299.8278,1261.9004,1429.2296,1553.2445,1606.389,1634.6404,1566.1396,1456.4767,1459.9683,1547.2418,1589.3384,1580.5071,1689.3768,1785.7606,1940.5338,1983.077,2100.1885,2230.5662,2369.9685,2617.2368,2581.689,2573.188,2642.4519,2726.3606,2672.9077,2588.9097,2585.9919,2494.0044,2513.0403,2547.4707,2474.2878,2280.9067,2191.3022
ISL,national,,,,,,,,,,,,,,19710.893,20069.758,19177.783,18102.881,18462.41,18759.508,19597.229,20659.631,22847.701,24216.322,24830.285,23818.953,23436.189,24656.621,26188.316,28783.76,29198.305,30352.789,27798.617,24241.225,24212.59,24656.221,24971.658,25000.836,25442.592,26308.398,27692.852,29205.502,29801.854,29705.973,28351.695
ISR,national,6948.8901,7382.4409,7770.8457,7307.7813,8097.5005,8597.4404,9178.5049,8438.209,8397.1807,9515.8564,10197.016,10498.854,10378.964,10663.295,10768.471,11191.28,11682.943,12472.553,13169.13,13597.374,13798.988,14277.028,14510.612,15323.315,15551.632,15470.142,15215.834,15740.396,15988.894,16481.693,17489.572,17565.582,17356.188,17883.879,18313.719,18527.279,18821.119,19272.938,19567.045,20373.908,20695.238,21018.809,21427.322,19119.242
ITA,national,11130.045,11381.354,12115.609,12815.091,13005.558,13122.95,13094.665,13478.112,13860.524,14423.047,14946.657,15550.202,16155.344,16471.873,16901.379,17181.299,16648.799,16900.293,17158.098,17333.201,17928.324,18526.438,19032.982,19530.365,19645.137,19607.625,19652.416,19715.35,19890.752,20097.41,20233.561,19872.41,19484.984,19629.164,19608.127,18828.906,18156.994,18022.588,18370.488,18631.182,18946.221,19158.762,19438.309,17405.355
JAM,national,,,,,,,,,,,,,,,,,,,,,,,,,,,,,,,4539.1748,4656.7603,4121.0479,4048.9866,4180.8174,4116.0879,4064.1125,4006.699,3980.6365,3953.5388,3979.8901,4000.0591,4022.5901,3596.5688
JOR,national,1315.7395,1894.5316,2450.5093,2382.0129,2413.7363,3185.3137,3372.7878,2867,2862.5396,3102.5115,2199.3496,2670.4045,2215.6506,2219.689,2076.4995,2304.6177,2186.9824,2117.2139,2036.7239,2183.3679,2234.1758,2332.9531,2374.4753,2602.3616,2723.1455,2688.3662,2799.6531,3028.0586,3281.4402,3306.2603,3544.1709,3186.9368,3030.1863,2928.2512,3223.7278,3271.4172,3528.8152,3385.8301,3315.0779,3303.6282,3389.6003,3405.3721,3460.3064,3533.2314
JPN,national,9920.0234,10346.322,10924.854,10954.797,11145.112,11583.052,11891.385,12185.065,12606.378,13001.157,13505.188,14142.145,14779.631,15436.304,15717.232,16014.929,16135.593,16460.631,16826.418,17117.043,17170.988,17013.627,17163.92,17399.113,17713.178,17899.77,17974.771,18206.191,18483.129,18642.904,18762.119,18540.531,18373.162,18797.965,18734.041,19144.625,19671.92,19519.461,19497.826,19437.029,19673.918,19767.443,19748.764,
KAZ,national,,,,,,,,,,,,,,3575.1289,3390.9092,3355.2837,3050.9185,2366.3848,1921.4294,1850.6471,1940.1909,1960.4209,1988.7338,2020.167,2186.5449,2243.2825,2499.2356,2825.7668,3100.0955,3452.7302,3782.6436,3986.4507,3926.2554,4314.8931,4761.0688,5167.4575,5635.5376,5626.8994,5646.1567,5635.126,5644.7031,5909.5713,6171.2456,
KEN,national,736.72888,811.44598,812.33734,801.16125,741.95862,736.3764,685.51099,712.26752,639.28925,733.33875,768.63757,804.85919,823.58582,793.86835,786.51587,753.76617,719.12549,710.10706,785.68622,782.95111,790.03693,803.40143,813.52026,788.45361,799.0578,784.23376,780.08197,777.51465,805.42456,861.27802,882.12628,845.01636,859.81415,899.38092,930.44336,958.14734,1011.1601,1027.6799,1054.131,1077.6802,1130.5391,1176.5143,1207.72,
KGZ,national,,,,,,,,,,,,,,,1057.2714,927.42322,830.25592,689.19238,500.96603,515.97052,458.71442,529.47217,525.9502,493.82883,500.22043,518.93921,633.73547,672.54742,720.16656,849.16187,863.73608,965.45801,816.77454,828.99005,895.47614,979.02502,1036.2747,1045.9285,1015.1021,988.35638,1030.397,1060.7728,1046.9193,908.82886
KHM,national,,,,,,,,,,,,,,,,,334.04883,338.86661,354.7142,376.75464,359.62088,386.53842,400.30814,410.95001,411.79788,428.08328,454.85425,503.41089,556.64026,585.21918,612.08252,679.95129,668.67926,716.19714,778.33087,801.26453,833.56409,856.83923,893.1709,938.60773,966.55981,1015.0803,1061.1001,1001.2433
KIR,national,,,,,,,,,,,,,,,,,,,,,,,,,,,,,,,,1236.2103,1141.9778,1099.1776,1150.4391,1149.0015,1172.3324,1207.2014,1324.3987,1369.1813,1403.0526,1285.318,,
KOR,national,2540.2068,2715.3325,2908.0107,2862.9421,2971.342,3146.3618,3387.2603,3603.5029,3828.8501,4145,4457.0059,4827.6523,5297.1948,5772.5938,6233.4683,6599.064,6986.2139,7552.8691,8279.1504,8835.6719,9122.7432,7977.3096,8875.0518,9621.4443,10101.02,10944.378,10846.585,10846.834,11327.85,11823.115,12385.082,12490.911,12453.896,12936.187,13215.452,13363.627,13533.887,13717.351,13946.786,14251.67,14606.067,14999.134,15218.849,14449.089
KWT,national,,,,,,,,,,,,,,,,,,,,,,,,,,,,,,,,,,12542.849,12180.872,12482.594,12438.419,12468.333,12410.577,12167.842,12290.271,12699.316,,
LAO,national,,,,,,,,,,,,,,,,,,,,,,,,585.89191,688.37823,669.76721,759.20386,827.02545,869.98285,895.66931,885.20013,1018.7802,1044.1028,1205.8798,1225.2043,1386.5724,1432.568,1477.2417,1520.5592,1565.1482,,,,
LBN,national,,,,,,,,,,,,,,2974.0063,3934.906,5789.6772,6357.9844,6163.625,6224.7363,6261.7256,5960.7896,6016.3403,5988.5474,5922.2485,6004.519,5873.2485,5793.2202,5882.8672,5537.2778,5641.2378,6042.2476,6620.2637,7408.2075,7831.5239,7230.7148,7449.2769,7191.2876,7088.8271,6941.603,6791.2817,6693.6602,6566.606,6192.4048,5843.9951
LBR,national,,,,,,,,,,,,,,,,,,,,,,,,1058.5541,684.53784,758.43549,627.99152,405.85306,541.48608,677.37927,662.63055,647.61273,1069.7361,1093.7429,1051.7495,942.75085,946.74384,1029.9789,1065.995,962.82806,987.65735,1058.3123,1003.9607,960.97491
LKA,national,477.30978,491.70264,497.36264,529.91089,718.47986,733.73492,759.79614,829.47034,874.50238,849.34174,869.17584,868.53973,907.26129,843.23004,890.69031,924.46637,983.82831,1039.2422,1083.6458,1065.5981,1134.0702,1213.2338,1283.9449,1317.5286,1319.2332,1414.9023,1519.4742,1555.7413,1568.6572,1658.5895,1711.2184,1826.6837,1831.0341,1985.0667,2166.8088,2212.7085,2366.6401,2430.4426,2589.1135,2749.2161,2816.0251,2897.0557,2966.6846,2862.0396
LSO,national,27.951708,30.860733,35.674759,40.771534,48.05426,54.945133,63.749409,71.376144,76.670815,85.769501,87.487137,106.05258,121.8753,127.09254,151.57553,160.84592,172.90167,178.51924,191.54848,210.74498,256.54755,356.3804,377.80099,404.1705,409.84253,481.01672,515.29291,551.27258,596.77484,655.20319,599.08838,671.84235,726.17609,792.1571,826.80389,836.95593,822.46704,819.58856,877.38568,856.52899,905.26093,859.77655,830.8504,
LTU,national,,,,,,,,,,,,,,,,,,,2876.6289,3081.9163,3279.9175,3461.1228,3658.4446,3937.5176,4135.1704,4419.2881,4961.6143,5562.9004,6307.8408,6994.2446,7960.7417,8354.792,6978.8242,6907.1509,7369.937,7699.9565,8113.4985,8485.9297,8913.4756,9396.1738,9865.9521,10328.316,10707.131,10489.802
LUX,national,16914.123,17381.834,17953.615,18392.914,18657.736,18715.883,18803.041,19055.266,19531.813,20079.43,20863.818,21950.42,22788.631,23355.34,24663.197,23770.775,23935.627,24566.678,26156.738,26320.285,26678.324,26939.877,28170.131,28975.391,29725.5,30722.625,31047.051,30881.451,30387.684,30733.895,30957.436,30818.035,30608.535,30416.867,30192.244,30335.67,30237.83,30734.146,30555.42,30925.586,30835.389,31252.57,31505.045,28776.285
LVA,national,,,,,,,,,,,,,,,,,,,3111.6128,3321.5972,3534.4722,3603.3748,3756.3352,3874.2874,4126.5879,4426.625,4827.8442,5353.6831,5979.6396,7164.8945,8029.3164,7435.6099,6371.9771,6645.5249,6976.7344,7364.0688,7858.0498,7980.9741,8226.2832,8578.6953,8916.5869,9224.041,9490.957,8597.376
MAC,national,,,,,,8420.9229,8598.377,8628.5273,8787.3145,9175.7158,9561.085,10052.229,10111.008,10331.699,10764.502,11430.917,11909.396,12382.311,12476.353,12717.421,12642.367,12263.134,12302.06,11916.419,11857.311,12252.918,12360.492,13013.724,13480.62,14177.401,15318.163,15824.275,15677.356,16126.586,17538.535,18433.654,19221.607,19857.654,19811.084,19265.627,19472.848,20032.707,20299.07,16748.035
MAR,national,595.1698,622.87488,647.02637,615.59027,617.54993,643.75867,682.39679,695.82019,706.37451,773.20947,773.24286,829.29559,853.92535,862.83295,968.46069,948.68573,918.57831,1019.1081,963.68176,1078.6085,1019.4695,1064.4263,1069.0448,1075.4796,1075.3315,1099.7744,1152.1628,1189.4313,1214.6215,1278.423,1321.303,1404.0803,1442.6865,1482.1028,1542.6989,1584.5059,1611.835,1639.1289,1653.8401,1692.097,1733.1582,1769.712,1780.7782,1689.5304
MDA,national,,,,,,,,,,,,,,,,,,,653.01154,778.58301,856.06519,899.19989,824.39508,998.97296,1062.3666,1131.272,1345.0194,1432.5894,1632.0424,1764.564,1832.0039,1942.6279,1789.0583,1960.9061,2142.9385,2163.0227,2301.895,2429.418,2389.2581,2487.3979,2663.54,2814.52,2953.5681,2801.0532
MDG,national,569.19189,541.02026,588.19049,570.45978,506.19299,483.4729,448.96848,460.67743,465.65125,444.92932,412.24481,404.60556,364.12643,413.98538,375.12335,366.79431,371.36118,360.38736,353.33893,349.39554,354.22855,363.93362,367.3284,368.72589,360.32184,351.5076,373.00937,381.08249,369.5925,365.67236,332.55499,343.01929,341.89557,347.70932,346.03189,346.92801,360.39597,341.67239,342.51584,345.94424,340.67307,341.81491,344.8371,320.07193
MDV,national,,,,,,,,,,,,,,,,,,,,,,,,,,,,,,,,,,,,,,3178.1934,3710.6895,4008.9937,4342.5874,4623.6328,4738.7114,
MEX,national,4074.981,4248.5132,4511.7134,4856.4219,5090.7856,4849.5513,4485.4824,4529.2598,4578.0737,4366.8892,4272.9014,4264.8135,4466.7944,4649.5776,4787.3979,4885.207,4809.1338,4978.1211,4608.4897,4740.6489,5016.4746,5257.8652,5431.2344,5735.0923,5796.8755,5814.6709,5863.8037,6059.2969,6138.9419,6295.7773,6358.5669,6308.5518,5827.5005,5950.603,6065.3716,6123.6973,6149.814,6202.1987,6290.4375,6442.6396,6571.0796,6661.9595,6629.6226,5877.7334
MHL,national,,,,,,,,,,,,,,,,,,,,,,,,,,,,2737.7351,2671.843,2574.4309,2598.5391,2447.4714,2322.2471,2333.0598,2413.8188,2484.4492,2584.7944,2484.9656,2473.5149,2592.5808,2765.3938,,,
MKD,national,,,,,,,,,,,,,,1989.2625,1836.7821,1651.9014,1807.2313,1972.3722,2077.5872,2095.6792,2115.0688,2177.6072,2258.2327,2343.8972,2098.8477,2300.5984,2398.6724,2573.8394,2754.156,2852.697,3066.4636,3210.3259,3101.6411,3216.1003,3041.1731,3074.9758,3129.5056,3195.3066,3334.3821,3461.3628,3531.4858,3659.9192,3787.2429,3575.3628
MLI,national,495.78711,513.85083,542.49835,502.84744,517.72943,477.83862,483.72559,480.08597,455.93741,421.93811,384.78564,414.17673,396.427,390.22971,457.86353,409.96799,430.66544,415.3147,415.22256,431.5191,410.95123,405.47232,432.72311,413.57083,430.58136,408.89337,427.39246,432.6517,447.23514,452.51096,463.29828,484.08835,495.27554,530.80609,526.21643,516.94373,541.37903,570.96063,589.30334,605.53412,607.70081,607.38379,611.85419,602.85229
MLT,national,,,,,,,,,,,,,,,,,,,,,,,,,,,,,,,,,,,,,,,12213.004,,,,,
MMR,national,,,,,,,,,,,,,,,,,,,,,,,,,,,,,,,,,,,,,,,639.06207,668.27039,690.92725,,,
MNE,national,,,,,,,,,,,,,,,,,,,,,,,,,,,,,,4656.2778,5198.376,5768.0049,4935.6494,5024.9556,5042.9258,4841.9209,4914.0376,5049.6235,5159.1035,5434.4595,5647.6797,5908.3262,6091.2158,5766.73
MNG,national,,,,,,,,,,,,,,,,,,,,,,,,,,,,,,,,,,1468.8497,1670.3424,1851.1992,2094.5852,2182.323,2314.072,2210.6658,2286.3069,2524.3052,2726.3235,2753.2617
MNP,national,,,,,,,,,,,,,,,,,,,,,,,,,,9823.293,10410.773,10174.294,8781.9473,9363.3662,9304.5283,9283.5625,7914.5093,8194.457,7941.0313,8073.7017,8646.6816,9186.6445,9483.8555,10093.547,11157.452,11175.326,11261.978,
MOZ,national,,,,254.67061,243.07483,234.50847,185.44756,179.86525,166.84122,172.48956,191.69832,197.86729,209.94006,198.74205,204.12079,180.84177,181.58034,179.2907,182.96744,192.65125,200.79283,205.90683,211.70552,204.59578,200.36072,262.38736,268.69485,272.0079,282.82034,287.38202,300.88287,308.69754,318.918,321.47546,328.22577,360.08942,373.63367,385.16245,380.90677,395.15546,386.04587,393.18039,399.81055,
MRT,national,1071.0753,905.86926,939.46228,815.70184,886.73328,1126.2766,899.3407,792.08936,711.77209,886.60632,810.47955,690.15302,802.62329,849.77258,788.17249,731.12183,695.24255,757.01038,729.21704,802.19598,743.44458,816.67084,834.50513,828.97595,810.33722,821.60461,833.75745,822.88086,840.09131,855.20251,899.08618,931.21942,925.94421,930.36963,930.8902,969.43738,960.18127,960.49854,973.53503,986.85852,985.17657,984.15594,980.04419,899.54254
MUS,national,1847.9888,1876.0096,1860.8719,1727.5424,1649.8247,1688.0449,1705.2335,1763.4644,1838.3058,1951.879,2318.9536,2501.0535,2660.7322,2773.9236,2882.6929,2981.9158,3104.2561,3240.0049,3365.9202,3495.8813,3628.2886,3811.5342,3916.3079,4029.0979,4115.8833,4222.5737,4389.0703,4725.0088,5036.3335,5310.3179,5522.0474,5871.2354,5978.0649,6121.0864,6264.356,6418.2275,6573.0571,6733.7256,6917.9141,7117.5654,7340.8433,7572.709,7813.7524,6380.0527
MYS,national,1281.0579,1377.7623,1488.2437,1635.5787,1677.761,1692.5797,1705.4501,1770.9094,1730.6648,1514.2528,1500.7048,1627.885,1791.4491,1948.7222,2068.7559,2110.0313,2186.4834,2332.7988,2539.8872,2645.8037,2690.0627,2354.4551,2363.3706,2609.8999,2630.5208,2676.0244,2835.6953,3054.1677,3267.5293,3415.5388,3699.0649,3945.4617,3895.9312,4093.4575,4306.8193,4599.2646,4865.5859,5135.7217,5372.0347,5609.6997,5916.2524,6300.9312,6692.3042,6320.8237
NAM,national,,,,1552.2098,2075.3643,2069.9414,1928.1709,1944.6731,1624.6626,1693.9607,1935.6873,1745.3936,1732.8479,1385.2163,1540.0409,1447.6582,1409.2133,1385.245,1395.8762,1511.9122,1591.6302,1617.8896,1609.7448,1673.9711,1795.5509,1742.6528,1859.6851,1866.6152,1851.6583,1979.0061,2063.1284,2284.959,2555.6204,2371.2263,2536.406,2731.5798,2937.9993,3012.1897,3364.5691,3825.3123,3500.6609,3432.3948,3412.5508,3038.3562
NER,national,,,,,,,,,,,,,,360.436,361.01547,330.36703,342.50491,337.66818,344.35651,322.72672,320.3671,318.30237,316.83752,301.64594,310.90802,314.77835,314.98398,314.453,306.74493,307.18683,307.60611,296.29974,303.11502,310.68112,310.84317,321.25662,323.08759,317.04074,323.1358,342.6026,351.44943,356.57483,359.22882,
NGA,national,,,,,1411.119,1214.3912,912.96875,943.32269,1129.0286,997.15918,916.9856,955.51727,860.07532,1037.8169,1071.5012,1221.6857,1093.2548,961.27405,984.12952,1151.7631,1087.0284,1056.7462,942.68311,935.6322,1454.2921,1633.9285,1764.5236,1723.8322,1894.0541,1592.1326,2087.0815,1707.7473,2033.4011,2014.2443,1901.0884,1850.9034,2181.6077,2137.2722,2111.6812,1939.0549,1871.1516,1918.5699,1851.4153,1844.6467
NIC,national,1891.838,1725.0518,1220.2065,1395.9155,1164.7236,987.05273,906.79327,838.83569,752.38654,674.35883,640.79462,900.45068,831.47314,689.61798,907.16266,945.9505,897.93939,899.38397,913.35992,936.19025,972.95441,1007.299,1024.8811,1067.4984,1102.6199,1134.4834,1137.444,1143.672,1166.4717,1183.4038,1222.881,1245.0067,1248.8499,1269.2676,1285.098,1319.6992,1352.1823,1391.0055,1445.0957,1507.8652,1528.9531,1441.0394,1401.7125,1373.1581
NLD,national,14161.366,14723.234,14808.537,14679.622,14231.446,13961.511,14083.789,14112.87,14242.402,14498.955,14706.379,14838.339,15215.019,15720.997,16019.965,16013.067,16030.813,16245.338,16596.025,17333.436,17964.598,18856.986,19847.717,20428.254,20689.225,20796.838,20671.949,20756.789,20896.801,20830.754,21175.15,21280.627,20772.305,20687.744,20605.793,20295.418,20040.578,20043.436,20349.307,20467.928,20780.891,21107.045,21154.145,19643.51
NOR,national,14971.655,14677.42,15241.895,15507.516,15500.951,15617.319,15873.971,16334.441,17787.961,18619.609,18418.252,17932.65,17749.643,17811.162,18095.973,18417.184,18723.613,19249.313,19841.359,20989.322,21527.326,22004.83,22670.775,23465.822,23828.779,24443.887,25076.529,26286.9,27257.953,28380.734,29579.652,29702.881,29338.988,30079.961,30394.646,31046.186,31535.344,31827.582,32366.396,32442.904,32902.395,33198.598,33431.738,30932.656
NPL,national,,,,,,,,,,,,,,,,,,,,,,,,,537.5647,547.45367,551.4519,558.91144,579.66833,597.49164,604.17651,618.27728,650.71625,671.67017,683.42493,704.53101,725.66528,744.92761,764.69958,775.67981,789.14557,830.67365,864.40656,
NZL,national,12418.561,12636.398,12626.223,12580.094,12788.19,12487.197,12698.279,13076.586,13173.7,13719.641,13988.105,14357.941,14433.904,14359.563,13354.88,13258.29,13611.989,14289.69,14667.792,15162.334,15371.216,15662.379,16053.079,16179.566,16514.285,17038.955,17743.994,18418.561,19052.066,19369.531,19916.293,19588.205,19688.467,19895.996,20366.883,20722.637,21365.035,21702.158,22157.521,23072.748,23716.363,24322.252,24618.701,
OMN,national,,,,,,,,,,,,,,,,,,,,,,4250.9917,4216.6855,4244.8726,4427.3037,4378.5483,4877.0737,5052.5806,5057.3799,5164.9033,5984.0684,6105.2271,6566.3774,6578.1094,6589.9253,6793.8784,6507.2578,6328.8213,6194.4917,6201.8452,6500.9146,6398.8428,6266.9673,
PAK,national,,,,,,,,,,692.69946,717.28656,732.74982,729.9068,720.06714,739.86127,772.3678,772.46478,790.88635,823.41119,845.26447,845.02148,858.41895,867.57941,861.70221,862.82324,865.08478,887.50745,942.32281,980.97937,991.90753,1007.7787,1000.4222,986.77942,998.31964,1024.184,1038.5096,1056.238,1078.0314,1111.3807,1176.3425,1236.6458,1266.621,1236.3552,
PAN,national,2340.6653,2543.4832,2636.2578,2747.4097,3182.2253,2783.8643,2966.8057,3347.905,3580.1416,3626.9114,3459.0503,3101.6304,3780.3069,3233.4092,3739.2603,3948.3,4031.7927,3847.3047,3574.999,3553.2236,3777.564,4387.4956,4319.8569,4229.9678,4278.9697,4489.0488,4790.0405,4905.1118,5238.7056,5395.6045,5318.0977,5488.4692,5582.4326,5861.4507,6085.7441,6212.8462,6591.6069,6965.0669,7041.2676,7410.9233,7457.2368,7568.4185,7580.3052,
PER,national,2623.1875,2349.6008,2277.197,2377.4146,2492.8762,2374.48,2188.8647,2196.9683,2184.1714,2455.1885,2671.8013,2395.5352,1961.4254,1910.2411,1941.5726,1889.8854,1936.4987,2080.2788,2236.2725,2247.165,2286.3555,2202.1133,2135.5583,2157.8772,2151.9495,2231.6514,2265.0828,2320.6633,2384.728,2511.5964,2706.5872,2923.7563,2989.4846,3235.1416,3440.0752,3665.4873,3840.8333,3960.9536,4068.6885,4158.832,4198.4438,4284.9023,4353.0396,3914.6233
PHL,national,1099.4857,1125.6102,1148.4,1167.781,1166.4039,1174.1591,1149.467,1121.5944,1079.0023,1085.2709,1099.3826,1137.4418,1163.7854,1195.6082,1192.5741,1201.7914,1209.0823,1224.8579,1242.3425,1270.3373,1303.9781,1319.2791,1342.6838,1382.2957,1406.4731,1447.4565,1494.3453,1551.5917,1590.2209,1627.2782,1676.6057,1712.5341,1727.1541,1759.593,1826.1305,1917.3348,1994.8625,2075.7898,2174.9426,2295.5837,2397.4387,2500.5054,2611.3323,2371.8711
PLW,national,,,,,,,,,,,,,,,,,,,,,,,,,,,,,8398.7559,8609.5215,8932.5693,8953.4521,8659.9111,8657.1973,9105.3164,9705.9502,9939.834,10173.784,10628.844,11068.208,11139.481,,,
POL,national,,,,,,,,,,,,,,,,,,,3461.9648,3762.4414,4035.4551,4233.8594,4468.9937,4646.7622,4741.9365,4927.7998,4999.2666,5219.0723,5316.1914,5571.103,5888.9131,6281.3184,6493.2554,6683.9512,6869.9321,6900.6289,6921.686,7098.8198,7368.5078,7663.3447,8023.1382,8385.1846,8714.8525,8451.1719
PRI,national,7963.5464,8249.4131,8323.8086,8110.2104,7887.8105,7911.5234,8129.7866,8419.4785,8700.2607,9046.8691,9397.2471,9544.8779,9609.2725,9576.1709,9631.9014,9978.874,10385.693,9921.9736,10417.968,11861.781,12372.226,12911.392,13401.207,13636.554,13855.531,14278.037,15150.439,15992.682,16336.275,16613.732,16724.602,16480.541,16445.383,16829.502,17365.965,17930.924,18045.379,17827.148,17663.793,17721.695,18188.18,18865.305,18315.055,
PRT,national,7083.2686,6864.4385,6798.9829,6996.6226,7127.5581,7246.7861,7124.1211,6883.8999,6909.082,7291.939,7679.4727,8212.2109,8466.2568,9031.0469,9434.7314,9889.3066,9986.0498,10061.329,10086.326,10401.891,10707.789,11163.572,11685.089,12031.098,12052.866,12140.819,12056.741,12335.419,12506.682,12673.508,12966.048,13124.947,12809.285,13105.002,12643.988,12020.15,11960.274,12311.22,12614.268,12978.023,13283.032,13652.258,14004.853,13164.025
PRY,national,1931.7504,1997.8939,1970.2919,2203.5471,2341.678,2407.7881,2318.1995,2353.3611,2340.9631,2323.5159,2415.1934,2407.6575,2323.4387,2517.9028,2489.811,2507.5874,2530.0762,2615.5212,2639.8359,2592.8518,2610.5537,2542.0559,2454.2581,2369.3796,2451.3503,2338.1802,2475.6802,2548.0537,2530.0898,2591.5989,2682.3447,2801.6707,2790.1455,3007.033,3109.7788,3168.9148,3270.8171,3427.5742,3450.0186,3529.3342,3650.3176,3761.4878,3779.6924,3544.3428
PSE,national,,,,,,,,,,,,,,,,,,2180.6897,2245.7351,2105.5996,2270.8174,2441.3677,2531.9631,2268.624,2104.6172,1864.6799,2089.3367,2420.5144,2642.4861,2466.9043,2527.6321,2568.5576,2648.5601,2636.5493,2802.843,2998.6448,2877.6895,2857.8391,2891.8113,3107.1047,3012.5449,2969.9807,3015.0645,2574.7466
QAT,national,,,,,,,,,,,,,,,,,,,,,,,,,,,,,,,,,,,,,,,14051.54,,,,,
ROU,national,,,,,,,,,,,,,,2035.2291,1810.9351,1725.2976,1749.1326,1818.0621,2035.8303,2195.9866,2101.2014,2231.3938,2141.1423,2177.0532,2391.6833,2608.7004,2847.7769,3317.7231,3713.0105,4116.3057,4755.8003,5256.5356,4963.8691,4744.3687,4818.3696,4932.5918,4971.8613,5196.4282,5531.5078,6008.6216,6693.4404,7249.3013,7584.0132,7225.2207
RUS,national,,,,,,,,,,,,,,,,,,,,1836.5552,1928.1989,1867.9866,1820.3025,1958.1173,2148.7649,2337.5093,2524.2986,2836.7983,3178.3279,3571.5376,4084.1272,4513.5625,4280.7837,4511.7227,4809.9644,5163.2383,5414.2866,5428.6079,4906.0796,4772.8364,4943.8906,5152.9722,5317.3359,4872.6602
RWA,national,230.23849,250.9258,283.3418,296.4303,291.41315,274.28894,304.44904,254.11076,238.5047,256.15292,231.14487,244.17404,239.21407,235.96558,270.08295,289.02182,294.23798,243.48564,251.60927,263.34229,270.97882,284.25574,306.33459,323.90363,325.92163,361.6821,340.22028,357.97427,382.09152,411.63489,411.56085,432.06195,462.36508,475.58459,505.51532,525.61932,534.23932,554.63342,605.69995,614.92004,595.12347,644.90222,663.12872,614.10828
SAU,national,,,,,,,,,,,,,,,,,,,,,,,,4731.5225,4680.3755,4654.0386,4722.8398,4895.4326,5233.1943,5646.5049,6211.0469,6777.6216,7176.2686,7238.0776,7142.4058,7733.1787,7743.5425,7988.6274,8313.4033,8202.0605,8298.708,8305.5264,8532.8516,7864.168
SDN,national,503.87878,473.23294,425.84451,426.93997,455.01602,491.41522,497.14365,474.07477,424.25269,366.85883,353.64343,362.60699,367.33633,378.64484,392.30182,404.93063,420.14291,423.16705,413.36288,416.69684,428.62454,435.2406,440.05521,411.00653,439.48969,435.88022,442.99274,489.22299,504.8754,528.12109,527.17487,521.12921,522.63885,548.46234,492.88037,523.15381,537.82281,577.50568,586.90125,601.63971,598.34131,569.59235,551.12732,519.81018
SEN,national,712.71533,703.06567,727.4873,720.80353,688.50586,740.07104,708.98834,718.37158,701.28558,754.47772,759.02527,760.03619,760.90076,736.22864,730.32013,727.59192,743.41888,690.7171,693.55908,694.14154,686.08698,722.1582,782.13232,789.24664,816.05267,806.11444,827.10577,825.84723,832.58405,850.88849,858.53845,867.86963,872.12268,867.16772,849.64465,849.91833,852.0191,871.96118,885.4599,906.49268,924.4798,941.81506,947.44824,935.51385
SGP,national,6472.9902,6815.0015,7176.1606,7486.2031,7480.9424,7447.8306,7769.9404,8070.1338,8052.8926,8377.3896,9095.8594,9880.7783,10390.97,10733.632,11071.847,11377.412,12397.242,12891.226,12988.468,13291.65,13590.806,12883.199,14014.804,15645.271,16457.34,16870.229,17340.518,18024.713,18327.107,18541.359,19030.623,18816.008,18206.656,18665.129,19004.02,19233.896,19457.742,19899.115,20677.215,21077.295,21719.059,22476.23,22943.373,19765.18
SLE,national,,,,737.90662,701.66406,675.10632,611.7973,584.51129,529.68542,502.3428,548.02637,457.44281,483.88757,400.10092,396.00119,356.91425,379.02377,310.24896,383.52444,403.3179,333.65781,319.79849,294.91107,292.03397,362.58966,427.28751,437.15442,434.97385,426.96057,418.38278,446.34091,473.13794,508.38391,431.41107,563.08002,590.36084,748.01154,620.98877,606.39728,656.32355,640.75366,710.35107,699.33063,717.39838
SLV,national,2863.4565,2840.3835,2505.9358,2187.3049,1918.4712,1716.0114,1713.2714,1738.1821,1750.7368,1715.8582,1701.6686,1702.7428,1712.7219,2146.2825,2130.1013,2257.9819,2357.4951,2470.4531,2593.3315,2606.2893,2615.0938,2572.6499,2617.2637,2656.6814,2674.3218,2678.5764,2685.2244,2714.2322,2803.762,2923.4871,3115.7625,3088.6113,2869.856,2891.3938,2923.7844,3005.0164,3095.1086,3075.8306,3152.4678,3198.5425,3235.5715,3262.4863,3349.2571,2979.7695
SMR,national,,,,,,,,,,,,,,,,,,,,,,,,,,,,,,,,,,,,,,,17228.096,16870.535,16392.223,16198.552,16248.374,
SOM,national,,,,,,,,,,,,,,,,,,,,,,,,,,,,,,,,,,,,,,,443.06342,,,,,
SRB,national,,,,,,,,,,,,,,,,,,,2346.2732,2408.0835,2513.6492,2593.7437,2358.5554,2486.2383,2528.5354,2763.7917,2844.1572,3213.0181,3298.8289,3660.698,3958.0972,4153.5171,4030.5969,4022.2319,4111.4473,4061.344,4012.1077,4027.01,4021.2017,4118.7466,4232.187,4387.9443,4568.4692,4479.0376
SSD,national,,,,,,,,,,,,,,,,,,,,,,,,,,,,,,,,1234.1207,1281.9661,1278.9181,1235.2004,1255.7639,1214.3091,1024.0498,,,,,,
SUR,national,,,,,,,,,,,,,,,,,,,,,,,,,,,,,,,,,,,,,,,4550.356,,,,,
SVK,national,,,,,,,,,,,,,,,,,4454.4214,4480.8164,4708.7607,5065.4463,5245.7588,5498.5742,5457.1318,5602.5366,5910.2583,6247.0317,6306.9482,6766.7915,7071.542,7517.915,8107.0381,8668.4316,8641.8682,8703.5605,8525.7559,8545.416,8435.4707,8585.5049,8814.415,9145.1729,9553.1875,9929.5771,10181.488,10070.311
SVN,national,,,,,,,,,,,,,,7077.1021,6297.873,6077.4771,6938.5303,7226.0068,7881.5908,8103.5747,8345.8936,8607.251,9170.2656,9131.5596,9377.5645,9589.9648,9920.0215,10165.09,10357.161,10457.387,11076.939,11376.771,11508.165,11569.708,11637.29,11358.536,10896.617,11062.671,11278.593,11771.675,11987.898,12372.281,12876.094,11964.802
SWE,national,14269.854,14128.778,14436.328,14291.792,14471.394,14594.502,14261.403,14504.418,14860.635,15535.776,16259.279,16646.912,16715.143,16476.773,16401.559,16054.351,15499.416,15666.128,15731.038,15991.276,16471.098,17011.889,17690.025,18619.285,18726.184,19087.84,19329.037,19807.035,20349.75,20841.357,21512.35,21434.783,21473.568,22178.943,22450.219,22447.74,22657.531,23079.656,23733.291,23976.207,24271.916,24435.316,24363.068,23046.953
SWZ,national,,,,1634.9038,1447.7164,1558.1765,1504.8922,1464.0787,1276.8146,1018.8987,1004.7575,824.57593,858.32953,1039.99,1060.083,1100.4539,1201.8042,1028.9631,1263.7769,1399.3734,1386.3667,1459.561,1510.9707,1816.8463,1834.8986,1846.6368,1836.3075,1976.0635,2184.4565,2269.7515,2271.6077,2267.7751,2231.2839,2364.1367,2474.7998,2477.4177,2504.8633,2518.0959,2462.6875,2386.1238,2487.7114,2493.0334,2433.0261,
SYC,national,,,,,,,,,,,,,,,,,,,,,,,,,,,,,,,,,,,,6593.2632,5009.1558,8044.2119,7945.3721,8486.7734,9128.6621,,,
TCD,national,,,,,,,,,,,,,,,,,,,,,,,,,,,,,,,471.57706,480.52847,516.8504,532.33649,532.34509,559.68787,588.83118,608.92212,568.97882,526.55719,511.62064,499.85794,491.94434,479.03207
TGO,national,317.50742,281.60947,302.20154,315.13092,335.03336,348.04602,313.76361,347.68759,398.7912,353.91629,327.18234,377.7597,374.71661,351.26028,368.05841,379.18192,285.78613,298.22568,319.85892,397.59909,416.5051,421.02808,414.89139,393.38776,384.25653,391.28571,402.42505,386.27026,360.56226,366.96869,380.89847,382.09409,384.03586,388.76404,387.85336,383.30774,393.89801,402.55701,409.65283,413.86188,416.95242,418.06879,419.15811,407.22882
THA,national,815.28528,847.66565,890.38763,919.54865,921.216,924.15942,976.11456,1001.0671,997.2373,1014.092,1082.2286,1156.673,1265.9817,1409.1647,1468.0602,1579.7813,1697.3148,1814.2778,1944.9304,2020.3048,1968.3636,1746.4006,1796.5959,1903.0476,1996.6407,2103.3293,2241.0298,2391.0005,2475.4133,2529.4214,2545.2717,2603.6633,2567.291,2694.0173,2730.2859,2916.7698,2931.2651,2934.2256,2998.5579,3073.4568,3157.4436,3291.5142,3412.0227,3370.3604
TJK,national,,,,,,,,,,,,,,,,,,,,,,,,,,,,,,,,,,,,,,,696.96228,,,,,
TLS,national,,,,,,,,,,,,,,,,,,,,,,,,847.59985,942.54492,905.54913,822.31787,818.30023,786.86743,679.82648,705.8266,653.99097,726.80737,741.10114,736.99866,747.4375,772.08752,800.65204,775.78949,795.63269,804.55664,802.0766,814.44629,
TUN,national,992.4198,1024.3071,1060.7769,1165.8531,1215.0333,1210.1156,1226.0573,1260.4882,1253.2489,1242.7914,1231.4047,1222.6366,1177.1002,1254.4313,1242.4092,1298.8422,1313.929,1328.3409,1344.8042,1382.238,1424.8215,1480.1512,1549.0029,1600.3129,1757.8831,1805.2023,1874.1038,1956.0038,2032.9919,2104.0544,2197.48,2278.7529,2335.3071,2409.5632,2483.6567,2567.7695,2618.1953,2697.7195,2754.2712,2807.9114,2842.127,2872.6631,2900.3022,
TUR,national,,,,,,,,,,,3286.4038,3265.4221,3174.4761,3528.6606,3536.1709,3593.6687,3834.731,3573.6099,3715.23,3966.9829,4232.1226,4209.9214,4129.5034,4251.8125,3908.2119,4003.9143,4267.5723,4611.2939,4837.9829,4953.2046,5152.7036,5105.8223,4856.8623,5307.0698,5864.5454,5950.7266,6291.8428,6379.0078,6606.1465,6744.5532,7030.7241,6962.6606,6978.6509,7123.6104
TZA,national,,,,,,,,,,,,,,377.37915,372.23621,360.31375,354.69467,349.08615,353.54874,368.96912,391.48434,436.93591,447.56857,441.97519,443.1915,456.36255,452.39575,466.36707,492.17505,523.49384,536.91803,522.05975,510.92538,563.23083,607.94873,573.19043,579.37042,581.237,605.36798,600.25958,595.84595,619.32629,620.13721,607.98029
UGA,national,,,,,,337.02264,334.63885,313.67645,298.69876,292.94769,298.52237,309.98178,317.43298,322.44284,323.35938,328.06033,336.90594,359.90274,387.25558,393.92468,400.88382,418.07327,425.46405,421.54663,430.22739,441.41675,440.53183,443.6492,468.33487,502.92294,512.42664,545.37195,585.78546,595.85822,617.69635,622.05298,609.71729,628.67236,642.77863,624.24878,628.23224,652.64832,658.68805,
UKR,national,,,,,,,,,,,,,,1074.4026,971.63452,879.13416,650.54175,595.83502,590.34381,540.3299,543.84387,557.91785,551.64563,570.54272,625.89624,679.80402,756.62811,850.41058,1023.8468,1189.2725,1399.4944,1578.9989,1338.3395,1436.9585,1666.1558,1806.4657,1928.7277,1784.6147,1439.5393,1484.0868,1629.6428,1790.5502,1997.7582,2039.8376
URY,national,,,,,,,,,,,,,,,,,,,,,,,,,,,,,,,,,,,,,,,10434.875,,,,,
USA,national,18684.574,19296.742,19538.605,19291.598,19368.074,19465.137,20379.869,21267.074,22170.842,22873.709,23439.863,24198.199,24669.643,24883.811,24597.832,25151.795,25687.023,26357.01,26813.479,27422.979,28115.055,29265.117,30487.783,31669.041,32133.668,32646.506,33391.281,34330.93,35220.59,35893.281,36417.813,36129.09,35346.203,35722.273,36067.016,36292.953,36578.555,37294.551,38235.063,38899.68,39593.152,40525.313,41224.508,39526.598
UZB,national,,,,,,,,,,,,,,,,,,,,,,,,,,,,,,,,,,1025.8131,1133.243,1237.2808,1341.5043,1460.0559,1605.0385,1725.5067,1762.4432,1833.9525,1900.3992,1919.9985
VIR,national,,,,,,,,,,,,,,,,,,,,,,,,,,21920.387,22467.91,23454.121,25287.203,26843.74,25451.17,24342.563,24919.785,25225.383,25019.762,24220.875,23651.971,23602.234,24222,24329.818,23862.061,24255.012,,
VNM,national,,,,,,,,,,,,,,,,,,498.91739,525.92047,564.99768,590.13739,608.7337,617.26526,629.28992,650.65381,693.48346,742.05334,787.41418,836.81396,890.9472,968.89471,1033.2285,1046.2006,1120.5814,1154.629,1198.4178,1247.2919,1309.7533,1417.0702,1504.8737,1599.0846,1698.2083,1805.8806,1799.9993
XKX,national,,,,,,,,,,,,,,,,,,,,,,,,,,,,,,1951.9722,2168.9819,2335.4133,2341.2683,2375.4849,2405.9355,2525.2813,2655.4443,2879.6577,3080.3228,3290.4377,3312.4106,3435.3088,3521.2561,3539.6821
ZAF,national,2233.4778,2215.0667,2213.7603,2342.5083,2447.0767,2430.6819,2435.6145,2479.7029,2332.6523,2279.3611,2311.9001,2378.9844,2387.7703,2398.2815,2327.782,2238.0664,2225.0818,2261.1711,2344.7937,2402.9497,2438.1401,2441.1685,2446.8274,2512.4309,2565.7561,2613.9097,2655.2271,2786.7825,2921.3269,3137.8083,3299.4409,3295.1426,3165.4126,3242.4243,3357.5906,3427.2546,3439.9575,3413.8499,3426.9155,3396.4792,3417.689,3432.6038,3423.1428,3196.2114
ZMB,national,,,,,,,,,,,,,,,,,,,,,,,,,,,,,,,,,,,,,,,677.79999,,,,,
ZWE,national,,,,,,,,,,,,,,,,,,,,,,,,,,,,,,,,,920.53009,970.10468,977.71222,1188.5345,1153.5315,1104.5092,1293.5586,1140.1412,1139.3844,1048.2955,,
