region_name,region_code,year,poverty_line,mean,headcount,poverty_gap,poverty_severity,watts,population,pop_in_poverty
East Asia and Pacific,EAP,1981,1.9,1.6103396,.80203736,.37850001,.21284464,.58617789,1381770570,1108231601
East Asia and Pacific,EAP,1981,3.2,1.6103396,.93439257,.5848316,.40033647,1.0460322,1381770570,1291116174
East Asia and Pacific,EAP,1981,5.5,1.6103396,.97085971,.84390545,.77100319,1.565237,1381770570,1341505397
East Asia and Pacific,EAP,1982,1.9,1.6864452,.77994001,.35049942,.19067349,.53298116,1405429479,1096150698
East Asia and Pacific,EAP,1982,3.2,1.6864452,.92859137,.56331235,.37658653,.98630923,1405429479,1305069668
East Asia and Pacific,EAP,1982,5.5,1.6864452,.97033954,.83836961,.76328784,1.5036496,1405429479,1363743767
East Asia and Pacific,EAP,1983,1.9,1.7851098,.74820614,.31566253,.16472173,.46990967,1429222890,1069353368
East Asia and Pacific,EAP,1983,3.2,1.7851098,.92042416,.53555775,.34711891,.91380954,1429222890,1315491288
East Asia and Pacific,EAP,1983,5.5,1.7851098,.96977025,.83160037,.75414836,1.4288008,1429222890,1386017822
East Asia and Pacific,EAP,1984,1.9,1.9300412,.69711953,.26861748,.13219096,.38914636,1451948741,1012181870
East Asia and Pacific,EAP,1984,3.2,1.9300412,.90771413,.49618992,.30727521,.81782079,1451948741,1317954415
East Asia and Pacific,EAP,1984,5.5,1.9300412,.96807265,.68451685,.50936788,1.3294176,1451948741,1405591836
East Asia and Pacific,EAP,1985,1.9,2.018837,.65685165,.24497503,.11881934,.35343057,1475390797,969112885
East Asia and Pacific,EAP,1985,3.2,2.018837,.89513654,.47166765,.2861194,.76814365,1475390797,1320676231
East Asia and Pacific,EAP,1985,5.5,2.018837,.96654767,.66833895,.48919079,1.2771071,1475390797,1426035575
East Asia and Pacific,EAP,1986,1.9,2.085717,.62758797,.23096888,.1118065,.33359021,1500365386,941611284
East Asia and Pacific,EAP,1986,3.2,2.085717,.88280809,.4548468,.27295995,.7369312,1500365386,1324534682
East Asia and Pacific,EAP,1986,5.5,2.085717,.96439266,.65634668,.47535402,1.242826,1500365386,1446941343
East Asia and Pacific,EAP,1987,1.9,2.1874239,.58777773,.21254905,.10243677,.30597666,1526833777,897438896
East Asia and Pacific,EAP,1987,3.2,2.1874239,.8632766,.43162954,.25521082,.69409317,1526833777,1318079907
East Asia and Pacific,EAP,1987,5.5,2.1874239,.96097386,.63922524,.45609328,1.1949681,1526833777,1467247307
East Asia and Pacific,EAP,1988,1.9,2.3360496,.53262764,.18552122,.087671697,.26541021,1553611988,827496691
East Asia and Pacific,EAP,1988,3.2,2.3360496,.83484274,.39806774,.22891974,.63123769,1553611988,1297021700
East Asia and Pacific,EAP,1988,5.5,2.3360496,.9559595,.6140784,.42788145,1.1236057,1553611988,1485190173
East Asia and Pacific,EAP,1989,1.9,2.1815817,.63355774,.23585026,.11318751,.33791083,1579733783,1000852602
East Asia and Pacific,EAP,1989,3.2,2.1815817,.86181206,.45289892,.27452222,.73678064,1579733783,1361433601
East Asia and Pacific,EAP,1989,5.5,2.1815817,.95331389,.64828235,.47169769,1.2336543,1579733783,1505982117
East Asia and Pacific,EAP,1990,1.9,2.2785141,.60867995,.22120792,.10471698,.31559512,1605257981,977088368
East Asia and Pacific,EAP,1990,3.2,2.2785141,.84967166,.43683192,.26115677,.7048381,1605257981,1363942225
East Asia and Pacific,EAP,1990,5.5,2.2785141,.94938421,.63604832,.45792922,1.1978407,1605257981,1524006558
East Asia and Pacific,EAP,1991,1.9,2.3584483,.58870596,.21343127,.10108678,.30299348,1629703492,959416121
East Asia and Pacific,EAP,1991,3.2,2.3584483,.83699232,.42552304,.25325242,.68267769,1629703492,1364049354
East Asia and Pacific,EAP,1991,5.5,2.3584483,.94556946,.62660456,.44831204,1.1722889,1629703492,1540997892
East Asia and Pacific,EAP,1992,1.9,2.4796145,.56142318,.20188962,.095160872,.28431636,1652600641,927808316
East Asia and Pacific,EAP,1992,3.2,2.4796145,.81642538,.40882492,.24143696,.65029162,1652600641,1349225141
East Asia and Pacific,EAP,1992,5.5,2.4796145,.93886065,.61186635,.43366587,1.133474,1652600641,1551561760
East Asia and Pacific,EAP,1993,1.9,2.5919924,.5323658,.18945013,.088640288,.26424316,1674652556,891527725
East Asia and Pacific,EAP,1993,3.2,2.5919924,.79379219,.39069155,.22860107,.61535609,1674652556,1329326149
East Asia and Pacific,EAP,1993,5.5,2.5919924,.93094355,.59532285,.41750005,1.0906653,1674652556,1559006998
East Asia and Pacific,EAP,1994,1.9,2.7678115,.49718097,.16443633,.073440872,.22905441,1696536710,843485756
East Asia and Pacific,EAP,1994,3.2,2.7678115,.76328284,.35965955,.20423715,.55774206,1696536710,1294937314
East Asia and Pacific,EAP,1994,5.5,2.7678115,.91958117,.56908268,.390167,1.0217811,1696536710,1560103228
East Asia and Pacific,EAP,1995,1.9,2.962894,.44579065,.14266986,.06228549,.19682235,1717975319,765857310
East Asia and Pacific,EAP,1995,3.2,2.962894,.73210323,.33152315,.18324628,.5078243,1717975319,1257735266
East Asia and Pacific,EAP,1995,5.5,2.962894,.90644652,.5438112,.36514014,.95977998,1717975319,1557252794
East Asia and Pacific,EAP,1996,1.9,3.1798108,.40222055,.12538482,.053522911,.17133304,1739025565,699471829
East Asia and Pacific,EAP,1996,3.2,3.1798108,.70095456,.30632904,.16524522,.46464869,1739025565,1218977927
East Asia and Pacific,EAP,1996,5.5,3.1798108,.89139998,.5197975,.34243473,.90409833,1739025565,1550167342
East Asia and Pacific,EAP,1997,1.9,3.2487195,.40131682,.12698506,.054790527,.17357577,1759829265,706249070
East Asia and Pacific,EAP,1997,3.2,3.2487195,.69241011,.30521661,.16583188,.46418023,1759829265,1218523581
East Asia and Pacific,EAP,1997,5.5,3.2487195,.88459724,.51565123,.34056845,.89895427,1759829265,1556740103
East Asia and Pacific,EAP,1998,1.9,3.2187288,.41423211,.13472605,.059002694,.18438721,1779870429,737279471
East Asia and Pacific,EAP,1998,3.2,3.2187288,.69178528,.31205529,.17233218,.47797021,1779870429,1231288130
East Asia and Pacific,EAP,1998,5.5,3.2187288,.881221,.51822001,.34556597,.91093862,1779870429,1568459246
East Asia and Pacific,EAP,1999,1.9,3.3736618,.37871695,.1201979,.052095354,.16512713,1798724349,681207380
East Asia and Pacific,EAP,1999,3.2,3.3736618,.66621476,.29091513,.15747739,.44246009,1798724349,1198336761
East Asia and Pacific,EAP,1999,5.5,3.3736618,.86833549,.49792996,.32654059,.86509407,1798724349,1561896221
East Asia and Pacific,EAP,2000,1.9,3.5932083,.3478941,.10832784,.046216123,.14796126,1816542692,631964512
East Asia and Pacific,EAP,2000,3.2,3.5932083,.63559413,.27085888,.14457408,.40802163,1816542692,1154583907
East Asia and Pacific,EAP,2000,5.5,3.5932083,.84677756,.47487828,.30727312,.81557596,1816542692,1538207539
East Asia and Pacific,EAP,2001,1.9,3.7825639,.32731873,.10101847,.042780511,.13731122,1833510908,600142453
East Asia and Pacific,EAP,2001,3.2,3.7825639,.61054379,.25659788,.13590725,.38508096,1833510908,1119438671
East Asia and Pacific,EAP,2001,5.5,3.7825639,.82777768,.45740989,.2934556,.78004479,1833510908,1517739373
East Asia and Pacific,EAP,2002,1.9,4.1073751,.29078868,.089073688,.037434455,.12057864,1849695683,537870540
East Asia and Pacific,EAP,2002,3.2,4.1073751,.5658313,.23175709,.12128095,.34605157,1849695683,1046615694
East Asia and Pacific,EAP,2002,5.5,4.1073751,.79746592,.42722926,.26949054,.71979004,1849695683,1475069299
East Asia and Pacific,EAP,2003,1.9,4.350214,.25874838,.075497694,.030585768,.1009502,1865220494,482622806
East Asia and Pacific,EAP,2003,3.2,4.350214,.53432441,.21013114,.10674481,.30905813,1865220494,996632861
East Asia and Pacific,EAP,2003,5.5,4.350214,.77620089,.40374205,.24916328,.66845363,1865220494,1447785787
East Asia and Pacific,EAP,2004,1.9,4.6557646,.22487637,.062217295,.024029616,.082026944,1880335919,422843136
East Asia and Pacific,EAP,2004,3.2,4.6557646,.49755809,.186811,.091797695,.27036616,1880335919,935576321
East Asia and Pacific,EAP,2004,5.5,4.6557646,.75059628,.37737873,.22707631,.61297619,1880335919,1411373154
East Asia and Pacific,EAP,2005,1.9,5.0995107,.18310387,.046725851,.017301075,.059264593,1895361654,347048056
East Asia and Pacific,EAP,2005,3.2,5.0995107,.44557583,.15662642,.073403284,.22257291,1895361654,844527342
East Asia and Pacific,EAP,2005,5.5,5.0995107,.71363211,.34131956,.19799221,.5404892,1895361654,1352590945
East Asia and Pacific,EAP,2006,1.9,5.3423691,.17848645,.045883466,.017144488,.058264796,1909976740,340904969
East Asia and Pacific,EAP,2006,3.2,5.3423691,.42883447,.15186615,.071592174,.21481429,1909976740,819063852
East Asia and Pacific,EAP,2006,5.5,5.3423691,.69256651,.32986841,.1915364,.52315086,1909976740,1322785989
East Asia and Pacific,EAP,2007,1.9,5.7544146,.15703246,.039594386,.014564677,.049968038,1924102391,302146535
East Asia and Pacific,EAP,2007,3.2,5.7544146,.39058071,.13577251,.063068114,.19091402,1924102391,751517307
East Asia and Pacific,EAP,2007,5.5,5.7544146,.65593493,.30409044,.1738809,.47788095,1924102391,1262085918
East Asia and Pacific,EAP,2008,1.9,6.0598135,.1473358,.036931287,.01358029,.046549916,1938140471,285557459
East Asia and Pacific,EAP,2008,3.2,6.0598135,.36974722,.12766854,.059084423,.17936297,1938140471,716622032
East Asia and Pacific,EAP,2008,5.5,6.0598135,.63363105,.28990844,.16465692,.45400375,1938140471,1228066003
East Asia and Pacific,EAP,2009,1.9,6.4602828,.12854792,.031034756,.011043249,.038680293,1952099806,250938372
East Asia and Pacific,EAP,2009,3.2,6.4602828,.34137329,.11428767,.051591139,.15861453,1952099806,666394737
East Asia and Pacific,EAP,2009,5.5,6.4602828,.60487056,.26989537,.1505024,.41764933,1952099806,1180767705
East Asia and Pacific,EAP,2010,1.9,7.1029692,.10769857,.024419554,.008278111,.030003192,1966036260,211739300
East Asia and Pacific,EAP,2010,3.2,7.1029692,.29930606,.097529188,.042829841,.13404189,1966036260,588446595
East Asia and Pacific,EAP,2010,5.5,7.1029692,.55609357,.23988146,.13106425,.36663115,1966036260,1093300152
East Asia and Pacific,EAP,2011,1.9,7.584537,.081344068,.017486628,.0058904858,.021551879,1981022034,161144385
East Asia and Pacific,EAP,2011,3.2,7.584537,.25825465,.079389147,.033386711,.10743482,1981022034,511608136
East Asia and Pacific,EAP,2011,5.5,7.584537,.51840818,.21222413,.11176641,.31785399,1981022034,1026977985
East Asia and Pacific,EAP,2012,1.9,8.1713696,.068610564,.014027628,.0045681391,.017038621,1997966990,137081649
East Asia and Pacific,EAP,2012,3.2,8.1713696,.230818,.068842985,.028166173,.092025205,1997966990,461166758
East Asia and Pacific,EAP,2012,5.5,8.1713696,.48113406,.19183637,.099178858,.28442743,1997966990,961289934
East Asia and Pacific,EAP,2013,1.9,8.9878206,.032539364,.0061578713,.0020950264,.0075310371,2014861915,65562329
East Asia and Pacific,EAP,2013,3.2,8.9878206,.16863966,.042845696,.015810255,.054595891,2014861915,339785642
East Asia and Pacific,EAP,2013,5.5,8.9878206,.41900322,.14907558,.070528612,.21108682,2014861915,844233644
East Asia and Pacific,EAP,2014,1.9,9.552906,.026490936,.0052058967,.0018714106,.0061848192,2031269122,53810219
East Asia and Pacific,EAP,2014,3.2,9.552906,.14453509,.035933796,.013184947,.045514558,2031269122,293589683
East Asia and Pacific,EAP,2014,5.5,9.552906,.37938458,.13101919,.060847763,.18411243,2031269122,770632196
East Asia and Pacific,EAP,2015,1.9,10.167152,.020564666,.0040297518,.0014122135,.0048155757,2046913842,42094099
East Asia and Pacific,EAP,2015,3.2,10.167152,.11892357,.028611533,.010310866,.036068831,2046913842,243426315
East Asia and Pacific,EAP,2015,5.5,10.167152,.34253442,.11319613,.050996866,.15707776,2046913842,701138444
East Asia and Pacific,EAP,2016,1.9,10.735425,.017186465,.0032489195,.0010994837,.0038807308,2062316683,35443934
East Asia and Pacific,EAP,2016,3.2,10.735425,.10273885,.024216114,.008599204,.030576501,2062316683,211880040
East Asia and Pacific,EAP,2016,5.5,10.735425,.31173187,.10005761,.044234704,.13771099,2062316683,642889871
East Asia and Pacific,EAP,2017,1.9,11.283546,.014538341,.0027307451,.00093118905,.0032386163,2078055809,30211484
East Asia and Pacific,EAP,2017,3.2,11.283546,.089663066,.02073258,.0073352526,.026364939,2078055809,186324851
East Asia and Pacific,EAP,2017,5.5,11.283546,.29273543,.091579571,.039828267,.12412211,2078055809,608320532
East Asia and Pacific,EAP,2018,1.9,11.911494,.011964674,.0022306812,.00077505276,.0026828393,2091765805,25027295
East Asia and Pacific,EAP,2018,3.2,11.911494,.073817022,.016819367,.0059446623,.021373969,2091765805,154407918
East Asia and Pacific,EAP,2018,5.5,11.911494,.26379251,.079428904,.033707112,.10673633,2091765805,551792175
East Asia and Pacific,EAP,2019,1.9,12.517779,.0087164892,.0015500344,.00050953182,.0019044235,2103791053,18337672
East Asia and Pacific,EAP,2019,3.2,12.517779,.059420764,.01316568,.0045232498,.016534282,2103791053,125008875
East Asia and Pacific,EAP,2019,5.5,12.517779,.23700115,.067920454,.027863402,.090131626,2103791053,498600888
Europe and Central Asia,ECA,1990,1.9,13.547754,.02281281,.0079103597,.0046164808,.010915216,463357722,10570492
Europe and Central Asia,ECA,1990,3.2,13.547754,.088481359,.026595155,.012556989,.037776366,463357722,40998521
Europe and Central Asia,ECA,1990,5.5,13.547754,.23137017,.081792004,.040736724,.12077087,463357722,107207150
Europe and Central Asia,ECA,1991,1.9,12.450644,.027621461,.0088872202,.0050433544,.01223339,465415559,12855458
Europe and Central Asia,ECA,1991,3.2,12.450644,.10115343,.030645767,.014371037,.043406773,465415559,47078383
Europe and Central Asia,ECA,1991,5.5,12.450644,.2577619,.092196085,.046281297,.13652267,465415559,119966392
Europe and Central Asia,ECA,1992,1.9,11.125354,.042051945,.012406921,.0064598541,.017467499,467045112,19640156
Europe and Central Asia,ECA,1992,3.2,11.125354,.12960936,.041647129,.019773031,.059895962,467045112,60533416
Europe and Central Asia,ECA,1992,5.5,11.125354,.30722854,.11521563,.059782296,.17425768,467045112,143489581
Europe and Central Asia,ECA,1993,1.9,9.8228292,.05149167,.014948105,.0074404902,.021059938,468465497,24122070
Europe and Central Asia,ECA,1993,3.2,9.8228292,.15129945,.049266241,.023504099,.071268328,468465497,70878571
Europe and Central Asia,ECA,1993,5.5,9.8228292,.36354107,.13645868,.070764162,.20680636,468465497,170306445
Europe and Central Asia,ECA,1994,1.9,9.328021,.067149192,.019778596,.009624741,.027793672,469266448,31510861
Europe and Central Asia,ECA,1994,3.2,9.328021,.19145018,.063477859,.030542016,.092274904,469266448,89841148
Europe and Central Asia,ECA,1994,5.5,9.328021,.41552618,.16529807,.088274501,.25444967,469266448,194992494
Europe and Central Asia,ECA,1995,1.9,10.016491,.06774953,.021364184,.010789216,.030747006,469489276,31807676
Europe and Central Asia,ECA,1995,3.2,10.016491,.17436291,.061467484,.030996814,.091386095,469489276,81861514
Europe and Central Asia,ECA,1995,5.5,10.016491,.36658379,.14943695,.08231993,.23520832,469489276,172107159
Europe and Central Asia,ECA,1996,1.9,9.4947119,.068165794,.021586649,.010734457,.031027744,469720639,32018881
Europe and Central Asia,ECA,1996,3.2,9.4947119,.18086196,.062601417,.031287696,.092720903,469720639,84954598
Europe and Central Asia,ECA,1996,5.5,9.4947119,.39571983,.15779515,.085509285,.24544026,469720639,185877773
Europe and Central Asia,ECA,1997,1.9,9.3843355,.059871405,.020625517,.010801422,.030070527,469988708,28138885
Europe and Central Asia,ECA,1997,3.2,9.3843355,.15751091,.055403601,.028596785,.082875349,469988708,74028345
Europe and Central Asia,ECA,1997,5.5,9.3843355,.37060711,.14233325,.076413907,.21981469,469988708,174181151
Europe and Central Asia,ECA,1998,1.9,9.4466801,.059968717,.020092016,.010393422,.029115979,470145699,28194035
Europe and Central Asia,ECA,1998,3.2,9.4466801,.16208014,.05599707,.028424539,.08297319,470145699,76201282
Europe and Central Asia,ECA,1998,5.5,9.4466801,.37631372,.14536007,.077744618,.22329724,470145699,176922279
Europe and Central Asia,ECA,1999,1.9,8.242774,.07845749,.023876578,.011161896,.033389702,470014002,36876119
Europe and Central Asia,ECA,1999,3.2,8.242774,.21523117,.072990417,.035549592,.10565562,470014002,101161664
Europe and Central Asia,ECA,1999,5.5,8.242774,.45703065,.18520977,.10017383,.2842873,470014002,214810801
Europe and Central Asia,ECA,2000,1.9,8.7398329,.074241452,.022748059,.010247165,.031809963,469561281,34860912
Europe and Central Asia,ECA,2000,3.2,8.7398329,.18897775,.066084601,.032797318,.096741021,469561281,88736631
Europe and Central Asia,ECA,2000,5.5,8.7398329,.41505203,.16562381,.089821152,.25589007,469561281,194892361
Europe and Central Asia,ECA,2001,1.9,9.1083889,.066228084,.019371165,.0084004067,.026621031,468975350,31059338
Europe and Central Asia,ECA,2001,3.2,9.1083889,.16965394,.058634091,.028629057,.08480674,468975350,79563514
Europe and Central Asia,ECA,2001,5.5,9.1083889,.38706598,.15042838,.08051005,.23012936,468975350,181524400
Europe and Central Asia,ECA,2002,1.9,9.6927853,.057340495,.015835607,.0064585218,.021101447,468521752,26865269
Europe and Central Asia,ECA,2002,3.2,9.6927853,.14990981,.05086147,.02425674,.072256304,468521752,70236006
Europe and Central Asia,ECA,2002,5.5,9.6927853,.35338542,.13421604,.070749626,.20278727,468521752,165568752
Europe and Central Asia,ECA,2003,1.9,10.303027,.05795373,.017607396,.0077249273,.024194019,468570212,27155391
Europe and Central Asia,ECA,2003,3.2,10.303027,.14308494,.050688226,.025231931,.073917255,468570212,67045340
Europe and Central Asia,ECA,2003,5.5,10.303027,.33734477,.12888178,.06905099,.19788207,468570212,158069711
Europe and Central Asia,ECA,2004,1.9,11.240057,.048278205,.014400537,.0063230083,.01980076,468824788,22634019
Europe and Central Asia,ECA,2004,3.2,11.240057,.12151743,.042543925,.020981623,.061784163,468824788,56970387
Europe and Central Asia,ECA,2004,5.5,11.240057,.29250214,.10982866,.058355179,.16779289,468824788,137132245
Europe and Central Asia,ECA,2005,1.9,11.955319,.046982501,.013696852,.0059576468,.018696561,469143721,22041546
Europe and Central Asia,ECA,2005,3.2,11.955319,.1154439,.040829655,.020103756,.059090201,469143721,54159781
Europe and Central Asia,ECA,2005,5.5,11.955319,.26509523,.10204209,.05503368,.15682399,469143721,124367765
Europe and Central Asia,ECA,2006,1.9,12.746385,.03968136,.011686811,.0051690894,.016303161,469619695,18635147
Europe and Central Asia,ECA,2006,3.2,12.746385,.097856827,.034547921,.017090693,.050416697,469619695,45955493
Europe and Central Asia,ECA,2006,5.5,12.746385,.23226246,.087421574,.046824813,.13433239,469619695,109075027
Europe and Central Asia,ECA,2007,1.9,13.944853,.033191707,.0094212508,.0040934845,.012867725,470298796,15610020
Europe and Central Asia,ECA,2007,3.2,13.944853,.0845403,.029211277,.014177473,.042003289,470298796,39759201
Europe and Central Asia,ECA,2007,5.5,13.944853,.2009268,.075238228,.039975859,.11459619,470298796,94495628
Europe and Central Asia,ECA,2008,1.9,15.214581,.027054178,.0077540609,.0033489291,.010570002,471500078,12756047
Europe and Central Asia,ECA,2008,3.2,15.214581,.072130419,.024568681,.01179901,.035173316,471500078,34009499
Europe and Central Asia,ECA,2008,5.5,15.214581,.16746363,.06316869,.033632483,.09618327,471500078,78959111
Europe and Central Asia,ECA,2009,1.9,14.807063,.025004735,.0067477142,.0028637312,.0090785585,473168370,11831450
Europe and Central Asia,ECA,2009,3.2,14.807063,.069364153,.022999944,.010749014,.032423962,473168370,32820923
Europe and Central Asia,ECA,2009,5.5,14.807063,.16741453,.061539024,.032124087,.092416465,473168370,79215259
Europe and Central Asia,ECA,2010,1.9,15.417736,.023725882,.0065721092,.0028715103,.0086806659,474998857,11269767
Europe and Central Asia,ECA,2010,3.2,15.417736,.068012752,.022486394,.010505866,.031434845,474998857,32305980
Europe and Central Asia,ECA,2010,5.5,15.417736,.16054042,.059803728,.031352207,.089625455,474998857,76256511
Europe and Central Asia,ECA,2011,1.9,15.924292,.020484826,.0057278578,.002481166,.007618689,477125681,9773836
Europe and Central Asia,ECA,2011,3.2,15.924292,.064293817,.020381223,.0093385885,.028378541,477125681,30676232
Europe and Central Asia,ECA,2011,5.5,15.924292,.15044533,.055797987,.028962497,.083165176,477125681,71781327
Europe and Central Asia,ECA,2012,1.9,16.418293,.018989298,.0054855142,.002508464,.007048571,479268404,9100971
Europe and Central Asia,ECA,2012,3.2,16.418293,.061093748,.019305911,.0088848379,.02652669,479268404,29280303
Europe and Central Asia,ECA,2012,5.5,16.418293,.14686368,.053918343,.027794167,.079598889,479268404,70387126
Europe and Central Asia,ECA,2013,1.9,16.906103,.016385579,.0043957168,.0018438569,.0058014616,481662514,7892320
Europe and Central Asia,ECA,2013,3.2,16.906103,.056273066,.017012227,.0074906675,.023324873,481662514,27104627
Europe and Central Asia,ECA,2013,5.5,16.906103,.13739397,.04986497,.025151914,.073076218,481662514,66177522
Europe and Central Asia,ECA,2014,1.9,17.028976,.018330107,.0055683763,.0027551602,.0073735844,484058206,8872839
Europe and Central Asia,ECA,2014,3.2,17.028976,.057254076,.018246736,.008630529,.025424661,484058206,27714305
Europe and Central Asia,ECA,2014,5.5,17.028976,.13778454,.051385019,.026507158,.076034695,484058206,66695739
Europe and Central Asia,ECA,2015,1.9,16.484921,.015366641,.0043299021,.0019055699,.0058245305,486503311,7475922
Europe and Central Asia,ECA,2015,3.2,16.484921,.053607542,.016122824,.0071825804,.022289677,486503311,26080247
Europe and Central Asia,ECA,2015,5.5,16.484921,.13841444,.049023043,.024398964,.071543984,486503311,67339084
Europe and Central Asia,ECA,2016,1.9,16.626078,.013209072,.0040345127,.0020326567,.0048749922,488869588,6457513
Europe and Central Asia,ECA,2016,3.2,16.626078,.047627989,.014101302,.0064503942,.018838082,488869588,23283875
Europe and Central Asia,ECA,2016,5.5,16.626078,.13237669,.045072924,.021972556,.064237684,488869588,64714935
Europe and Central Asia,ECA,2017,1.9,17.170977,.013169155,.0039880346,.0019587704,.0049454952,491090282,6467244
Europe and Central Asia,ECA,2017,3.2,17.170977,.046814658,.013965347,.0063938932,.018849691,491090282,22990223
Europe and Central Asia,ECA,2017,5.5,17.170977,.12607588,.043723229,.021551974,.062814951,491090282,61914636
Europe and Central Asia,ECA,2018,1.9,17.525925,.0099439649,.0026502244,.0010656503,.0034394532,493090013,4903270
Europe and Central Asia,ECA,2018,3.2,17.525925,.040424738,.011169552,.0047165439,.015057763,493090013,19933036
Europe and Central Asia,ECA,2018,5.5,17.525925,.11739046,.038619809,.018242907,.054796509,493090013,57884063
Europe and Central Asia,ECA,2019,1.9,18.312422,.010531783,.0027383629,.0011329576,.0034369514,494981140,5213034
Europe and Central Asia,ECA,2019,3.2,18.312422,.040680088,.011284674,.0048108473,.015093985,494981140,20135877
Europe and Central Asia,ECA,2019,5.5,18.312422,.11513859,.038686167,.018387094,.054827508,494981140,56991432
Latin America and the Caribbean,LAC,1981,1.9,10.272727,.13839476,.055927213,.033661213,.074306071,364332393,50421692
Latin America and the Caribbean,LAC,1981,3.2,10.272727,.27900636,.11823061,.069518887,.17652343,364332393,101651055
Latin America and the Caribbean,LAC,1981,5.5,10.272727,.48366278,.23145705,.14314094,.37858045,364332393,176214016
Latin America and the Caribbean,LAC,1982,1.9,10.077289,.14496249,.058348879,.034748729,.076909184,372404637,53984705
Latin America and the Caribbean,LAC,1982,3.2,10.077289,.29119676,.12319095,.072409742,.18365553,372404637,108443026
Latin America and the Caribbean,LAC,1982,5.5,10.077289,.49383104,.23877285,.14841108,.39137229,372404637,183904963
Latin America and the Caribbean,LAC,1983,1.9,9.3274393,.17245631,.069817722,.041100871,.093268968,380551670,65628538
Latin America and the Caribbean,LAC,1983,3.2,9.3274393,.33215305,.14410287,.085489675,.21734682,380551670,126401394
Latin America and the Caribbean,LAC,1983,5.5,9.3274393,.53222787,.26778764,.17012638,.44654989,380551670,202540203
Latin America and the Caribbean,LAC,1984,1.9,9.3782015,.16987206,.06781666,.039881442,.091299109,388731431,66034608
Latin America and the Caribbean,LAC,1984,3.2,9.3782015,.32864422,.14173017,.083593473,.21400811,388731431,127754335
Latin America and the Caribbean,LAC,1984,5.5,9.3782015,.53065318,.26542398,.16788432,.44226304,388731431,206281564
Latin America and the Caribbean,LAC,1985,1.9,9.4413681,.15804039,.063144907,.037427619,.085861906,396911476,62728045
Latin America and the Caribbean,LAC,1985,3.2,9.4413681,.31105813,.13261218,.07808321,.20083487,396911476,123462541
Latin America and the Caribbean,LAC,1985,5.5,9.4413681,.51232141,.2526876,.15846825,.41974109,396911476,203346242
Latin America and the Caribbean,LAC,1986,1.9,11.648483,.11425232,.046587329,.028951075,.0597229,405076493,46280929
Latin America and the Caribbean,LAC,1986,3.2,11.648483,.24770424,.10083553,.058729157,.14679731,405076493,100339162
Latin America and the Caribbean,LAC,1986,5.5,11.648483,.44429636,.20559959,.12457381,.32839292,405076493,179974012
Latin America and the Caribbean,LAC,1987,1.9,10.549749,.14000334,.057974935,.035488892,.076456331,413225083,57852891
Latin America and the Caribbean,LAC,1987,3.2,10.549749,.281192,.12017679,.071359441,.17911735,413225083,116195585
Latin America and the Caribbean,LAC,1987,5.5,10.549749,.48344249,.23248135,.14472562,.38046327,413225083,199770565
Latin America and the Caribbean,LAC,1988,1.9,10.282242,.14979403,.065273866,.041156635,.089794949,421355773,63116578
Latin America and the Caribbean,LAC,1988,3.2,10.282242,.29005319,.12816314,.078431003,.19667962,421355773,122215581
Latin America and the Caribbean,LAC,1988,5.5,10.282242,.49158537,.24075364,.15252469,.40209389,421355773,207132332
Latin America and the Caribbean,LAC,1989,1.9,10.565964,.14435193,.063741639,.040725693,.08469601,429471858,61995093
Latin America and the Caribbean,LAC,1989,3.2,10.565964,.28002152,.12371591,.076241888,.18646021,429471858,120261366
Latin America and the Caribbean,LAC,1989,5.5,10.565964,.48535189,.23432893,.14793648,.3860625,429471858,208444980
Latin America and the Caribbean,LAC,1990,1.9,9.6466198,.15568611,.066412099,.040503252,.093156055,437573275,68124083
Latin America and the Caribbean,LAC,1990,3.2,9.6466198,.296969,.13147776,.079756036,.20404427,437573275,129945691
Latin America and the Caribbean,LAC,1990,5.5,9.6466198,.50328285,.2462308,.15592241,.41465411,437573275,220223123
Latin America and the Caribbean,LAC,1991,1.9,9.5601807,.14697236,.062871858,.038790714,.088800259,445648735,65498048
Latin America and the Caribbean,LAC,1991,3.2,9.5601807,.28497103,.12518257,.075842872,.19414191,445648735,126996974
Latin America and the Caribbean,LAC,1991,5.5,9.5601807,.49557251,.23836043,.14972223,.39911234,445648735,220851264
Latin America and the Caribbean,LAC,1992,1.9,9.2053585,.14734933,.064067468,.040146597,.091375582,453685826,66850300
Latin America and the Caribbean,LAC,1992,3.2,9.2053585,.28593901,.12621446,.077075124,.19690287,453685826,129726470
Latin America and the Caribbean,LAC,1992,5.5,9.2053585,.49685827,.23970599,.15087382,.40255773,453685826,225417558
Latin America and the Caribbean,LAC,1993,1.9,9.8484221,.14590624,.06308382,.039363835,.09037555,461683275,67362472
Latin America and the Caribbean,LAC,1993,3.2,9.8484221,.28689981,.12535076,.076167978,.19566363,461683275,132456846
Latin America and the Caribbean,LAC,1993,5.5,9.8484221,.49556473,.23913425,.15016793,.401328,461683275,228793944
Latin America and the Caribbean,LAC,1994,1.9,10.418345,.13516892,.058157697,.036655519,.080976881,469644231,63481304
Latin America and the Caribbean,LAC,1994,3.2,10.418345,.26906037,.11641782,.070534691,.17844294,469644231,126362653
Latin America and the Caribbean,LAC,1994,5.5,10.418345,.47760448,.2257048,.14050671,.37310919,469644231,224304183
Latin America and the Caribbean,LAC,1995,1.9,10.576014,.1357348,.058483966,.036848143,.07900884,477568677,64822684
Latin America and the Caribbean,LAC,1995,3.2,10.576014,.27450937,.11766754,.071128599,.17729579,477568677,131097084
Latin America and the Caribbean,LAC,1995,5.5,10.576014,.47741529,.22778849,.14198087,.37324929,477568677,227998595
Latin America and the Caribbean,LAC,1996,1.9,10.386191,.15304871,.068639584,.044087023,.092648782,485457196,74298597
Latin America and the Caribbean,LAC,1996,3.2,10.386191,.29334354,.13119832,.081551678,.19935736,485457196,142405729
Latin America and the Caribbean,LAC,1996,5.5,10.386191,.492993,.24268256,.15517642,.40322486,485457196,239327001
Latin America and the Caribbean,LAC,1997,1.9,10.679422,.14428975,.063843295,.040604286,.085923858,493298596,71177927
Latin America and the Caribbean,LAC,1997,3.2,10.679422,.27901205,.12375643,.076301716,.18731365,493298596,137636259
Latin America and the Caribbean,LAC,1997,5.5,10.679422,.47748524,.23252487,.14737287,.38439462,493298596,235542798
Latin America and the Caribbean,LAC,1998,1.9,10.951435,.13705549,.060009286,.038107231,.079080828,501066882,68673964
Latin America and the Caribbean,LAC,1998,3.2,10.951435,.26573464,.11749804,.072096623,.17537259,501066882,133150826
Latin America and the Caribbean,LAC,1998,5.5,10.951435,.46802709,.22389942,.14075065,.36584702,501066882,234512866
Latin America and the Caribbean,LAC,1999,1.9,10.611516,.13870692,.060416881,.038402796,.080403455,508722113,70563277
Latin America and the Caribbean,LAC,1999,3.2,10.611516,.2719357,.11891761,.072789572,.17827342,508722113,138339705
Latin America and the Caribbean,LAC,1999,5.5,10.611516,.47340778,.22716221,.1426751,.37196681,508722113,240833011
Latin America and the Caribbean,LAC,2000,1.9,11.133677,.12782054,.056099754,.036181241,.073322058,516243206,65986481
Latin America and the Caribbean,LAC,2000,3.2,11.133677,.25185037,.11042411,.067725234,.16361362,516243206,130016041
Latin America and the Caribbean,LAC,2000,5.5,11.133677,.45287088,.2139632,.13337575,.34649846,516243206,233791507
Latin America and the Caribbean,LAC,2001,1.9,11.201482,.12542558,.053341694,.032717846,.077446379,523607404,65673762
Latin America and the Caribbean,LAC,2001,3.2,11.201482,.25042039,.10814773,.064859651,.16951469,523607404,131121972
Latin America and the Caribbean,LAC,2001,5.5,11.201482,.44987035,.21135679,.1308136,.35352489,523607404,235555440
Latin America and the Caribbean,LAC,2002,1.9,11.142061,.11897081,.047532801,.027560482,.070543207,530815630,63151566
Latin America and the Caribbean,LAC,2002,3.2,11.142061,.24752866,.10252417,.059264101,.16109762,530815630,131392079
Latin America and the Caribbean,LAC,2002,5.5,11.142061,.44766673,.20715941,.12576862,.34528437,530815630,237628500
Latin America and the Caribbean,LAC,2003,1.9,11.106997,.11423627,.045811921,.026806636,.068589263,537886747,61446177
Latin America and the Caribbean,LAC,2003,3.2,11.106997,.24136755,.099074021,.057210092,.15610141,537886747,129828409
Latin America and the Caribbean,LAC,2003,5.5,11.106997,.44241494,.20230068,.12214179,.33659312,537886747,237969136
Latin America and the Caribbean,LAC,2004,1.9,11.360447,.10361043,.040506344,.023370672,.058931295,544860548,56453236
Latin America and the Caribbean,LAC,2004,3.2,11.360447,.22358392,.08996468,.051214874,.13898903,544860548,121822058
Latin America and the Caribbean,LAC,2004,5.5,11.360447,.42514122,.18932645,.11251183,.30961037,544860548,231642676
Latin America and the Caribbean,LAC,2005,1.9,11.949456,.097947888,.039169587,.022944652,.058809999,551762594,54043983
Latin America and the Caribbean,LAC,2005,3.2,11.949456,.20770149,.08482933,.048961747,.13382934,551762594,114601911
Latin America and the Caribbean,LAC,2005,5.5,11.949456,.40041807,.17761351,.10585716,.29366285,551762594,220935723
Latin America and the Caribbean,LAC,2006,1.9,12.85181,.079739936,.031449996,.018200692,.046717398,558595432,44542366
Latin America and the Caribbean,LAC,2006,3.2,12.85181,.17838232,.069964245,.039716657,.10913214,558595432,99643548
Latin America and the Caribbean,LAC,2006,5.5,12.85181,.35962099,.15382957,.089464657,.2499416,558595432,200882634
Latin America and the Caribbean,LAC,2007,1.9,13.315011,.075624019,.030928729,.018502237,.046197981,565355787,42754475
Latin America and the Caribbean,LAC,2007,3.2,13.315011,.16734014,.066924289,.03866408,.10501436,565355787,94606715
Latin America and the Caribbean,LAC,2007,5.5,13.315011,.34225419,.14630733,.085416049,.23826697,565355787,193495390
Latin America and the Caribbean,LAC,2008,1.9,13.721471,.070622876,.028355286,.016836774,.041787606,572056189,40400255
Latin America and the Caribbean,LAC,2008,3.2,13.721471,.157608,.062397927,.035744209,.096931621,572056189,90160637
Latin America and the Caribbean,LAC,2008,5.5,13.721471,.32489002,.13765864,.079939671,.22266021,572056189,185855347
Latin America and the Caribbean,LAC,2009,1.9,13.734041,.066787966,.026519135,.015514131,.038169712,578710672,38650908
Latin America and the Caribbean,LAC,2009,3.2,13.734041,.15030484,.059063487,.033552323,.090501092,578710672,86983013
Latin America and the Caribbean,LAC,2009,5.5,13.734041,.32084763,.13331091,.076494366,.21306127,578710672,185677952
Latin America and the Caribbean,LAC,2010,1.9,14.195749,.060567487,.024496658,.014500297,.034985848,585220550,35445339
Latin America and the Caribbean,LAC,2010,3.2,14.195749,.13720195,.05394673,.030822098,.082437828,585220550,80293402
Latin America and the Caribbean,LAC,2010,5.5,14.195749,.30279288,.12343993,.070347868,.19618566,585220550,177200608
Latin America and the Caribbean,LAC,2011,1.9,14.741023,.055969648,.02274809,.013573962,.032201722,591858856,33126133
Latin America and the Caribbean,LAC,2011,3.2,14.741023,.12658229,.049846787,.028578879,.07586468,591858856,74918852
Latin America and the Caribbean,LAC,2011,5.5,14.741023,.28555882,.11502601,.065252654,.18195459,591858856,169010515
Latin America and the Caribbean,LAC,2012,1.9,15.388913,.047063895,.017197441,.0095972819,.021733027,598450003,28165389
Latin America and the Caribbean,LAC,2012,3.2,15.388913,.11824105,.042996965,.023037417,.060947042,598450003,70761355
Latin America and the Caribbean,LAC,2012,5.5,15.388913,.2710413,.10623359,.058134306,.161028,598450003,162204666
Latin America and the Caribbean,LAC,2013,1.9,15.800291,.042228118,.014858567,.0081871711,.018290272,604982453,25547270
Latin America and the Caribbean,LAC,2013,3.2,15.800291,.10944681,.038749237,.020357739,.054015908,604982453,66213399
Latin America and the Caribbean,LAC,2013,5.5,15.800291,.26247585,.09980578,.053553302,.1491109,604982453,158793280
Latin America and the Caribbean,LAC,2014,1.9,15.871283,.039501127,.013680989,.0075466712,.016168447,611434521,24152353
Latin America and the Caribbean,LAC,2014,3.2,15.871283,.10503795,.036632892,.019031378,.050049722,611434521,64223827
Latin America and the Caribbean,LAC,2014,5.5,15.871283,.25499392,.095973477,.051106103,.14181575,611434521,155912078
Latin America and the Caribbean,LAC,2015,1.9,16.045628,.038892273,.012709252,.0065746428,.016152365,617788469,24027199
Latin America and the Caribbean,LAC,2015,3.2,16.045628,.10249087,.035448983,.018023787,.049794625,617788469,63317677
Latin America and the Caribbean,LAC,2015,5.5,16.045628,.24911486,.093337536,.049470376,.13963848,617788469,153900284
Latin America and the Caribbean,LAC,2016,1.9,16.21166,.040885706,.013997363,.0073739341,.018181652,624037927,25514231
Latin America and the Caribbean,LAC,2016,3.2,16.21166,.10411325,.037061598,.019282933,.052904718,624037927,64970616
Latin America and the Caribbean,LAC,2016,5.5,16.21166,.24800381,.094622515,.050866775,.1432139,624037927,154763784
Latin America and the Caribbean,LAC,2017,1.9,16.353914,.040628184,.014021003,.0073522469,.018094314,630183567,25603214
Latin America and the Caribbean,LAC,2017,3.2,16.353914,.10057661,.03640214,.019104974,.052015707,630183567,63381726
Latin America and the Caribbean,LAC,2017,5.5,16.353914,.24108072,.092003025,.049668659,.13951473,630183567,151925104
Latin America and the Caribbean,LAC,2018,1.9,16.584019,.039823908,.013700409,.0071574082,.017813763,636226580,25337029
Latin America and the Caribbean,LAC,2018,3.2,16.584019,.099240765,.035675973,.018696381,.051142026,636226580,63139611
Latin America and the Caribbean,LAC,2018,5.5,16.584019,.23683375,.090186365,.048677925,.13697852,636226580,150679930
Latin America and the Caribbean,LAC,2019,1.9,16.630703,.040564787,.014061057,.0074471631,.018071517,642168161,26049414
Latin America and the Caribbean,LAC,2019,3.2,16.630703,.099125385,.036128372,.019081954,.051606674,642168161,63655166
Latin America and the Caribbean,LAC,2019,5.5,16.630703,.23580855,.090273209,.048965961,.13711436,642168161,151428747
Middle East and North Africa,MNA,1985,1.9,6.9708028,.082250468,.015537024,.004666504,.019070916,197648970.6,16256721
Middle East and North Africa,MNA,1985,3.2,6.9708028,.30528736,.086959101,.034207202,.11513737,197648970.6,60339731
Middle East and North Africa,MNA,1985,5.5,6.9708028,.60293937,.24693391,.12689523,.36512959,197648970.6,119170344
Middle East and North Africa,MNA,1986,1.9,6.6969299,.083843797,.015840221,.0048180637,.019472534,203716045,17080327
Middle East and North Africa,MNA,1986,3.2,6.6969299,.31016648,.088518947,.034870706,.11711361,203716045,63185891
Middle East and North Africa,MNA,1986,5.5,6.6969299,.61179852,.25087085,.12908186,.37101305,203716045,124633175
Middle East and North Africa,MNA,1987,1.9,6.3524852,.085766815,.016598217,.0052248091,.020554721,209836949.8,17997048
Middle East and North Africa,MNA,1987,3.2,6.3524852,.31620583,.090348177,.03582494,.119913,209836949.8,66351669
Middle East and North Africa,MNA,1987,5.5,6.3524852,.629224,.25716314,.13228774,.38018137,209836949.8,132034449
Middle East and North Africa,MNA,1988,1.9,6.1916761,.084251232,.016391294,.0052431822,.020338552,215967265.9,18195509
Middle East and North Africa,MNA,1988,3.2,6.1916761,.31351075,.089063518,.035306573,.11832024,215967265.9,67708059
Middle East and North Africa,MNA,1988,5.5,6.1916761,.6311121,.25615326,.1313155,.37770838,215967265.9,136299557
Middle East and North Africa,MNA,1989,1.9,6.0383124,.083972126,.01657304,.0054658181,.020581178,222058407,18646716
Middle East and North Africa,MNA,1989,3.2,6.0383124,.31694487,.089935511,.035667159,.11942568,222058407,70380276
Middle East and North Africa,MNA,1989,5.5,6.0383124,.6346786,.25830957,.13238418,.38105348,222058407,140935718
Middle East and North Africa,MNA,1990,1.9,6.4528337,.066235319,.012600487,.0041018808,.015256707,228071182,15106368
Middle East and North Africa,MNA,1990,3.2,6.4528337,.27449086,.074603662,.028705884,.098347016,228071182,62603455
Middle East and North Africa,MNA,1990,5.5,6.4528337,.59327376,.23081018,.11504933,.33469084,228071182,135308645
Middle East and North Africa,MNA,1991,1.9,6.5227447,.10188276,.024149908,.0089032315,.030795926,233995174,23840074
Middle East and North Africa,MNA,1991,3.2,6.5227447,.31488076,.098435573,.042773452,.13510993,233995174,73680580
Middle East and North Africa,MNA,1991,5.5,6.5227447,.60521764,.2557756,.13678606,.3867777,233995174,141618005
Middle East and North Africa,MNA,1992,1.9,6.6930504,.081847019,.016566023,.0054651997,.020528704,239811958,19627894
Middle East and North Africa,MNA,1992,3.2,6.6930504,.30240372,.087088622,.03494579,.11546753,239811958,72520027
Middle East and North Africa,MNA,1992,5.5,6.6930504,.59864533,.24555399,.12680563,.36267886,239811958,143562308
Middle East and North Africa,MNA,1993,1.9,6.7747102,.066969752,.012440203,.0038856419,.015318054,245501423,16441170
Middle East and North Africa,MNA,1993,3.2,6.7747102,.29120824,.07871519,.02991792,.10216032,245501423,71492034
Middle East and North Africa,MNA,1993,5.5,6.7747102,.59655124,.23829965,.11964221,.34643349,245501423,146454183
Middle East and North Africa,MNA,1994,1.9,6.7389479,.063778095,.011751884,.0036383069,.014483963,251045694,16011216
Middle East and North Africa,MNA,1994,3.2,6.7389479,.28782612,.076795064,.028920533,.099037983,251045694,72257507
Middle East and North Africa,MNA,1994,5.5,6.7389479,.59702712,.23634875,.11780147,.34261039,251045694,149881093
Middle East and North Africa,MNA,1995,1.9,6.5441842,.065988787,.0123794,.0038759101,.015226399,256437607,16922007
Middle East and North Africa,MNA,1995,3.2,6.5441842,.29724696,.07965292,.030177182,.10266075,256437607,76225302
Middle East and North Africa,MNA,1995,5.5,6.5441842,.60911751,.24279457,.12154053,.35269344,256437607,156200638
Middle East and North Africa,MNA,1996,1.9,6.6668959,.058773976,.010853695,.0033762869,.013319856,261668250,15379283
Middle East and North Africa,MNA,1996,3.2,6.6668959,.28410739,.073975928,.027526697,.094701067,261668250,74341881
Middle East and North Africa,MNA,1996,5.5,6.6668959,.60074997,.23467605,.11570301,.33833036,261668250,157197187
Middle East and North Africa,MNA,1997,1.9,6.8646727,.05017747,.0093347682,.0029432166,.011493755,266753917,13385037
Middle East and North Africa,MNA,1997,3.2,6.8646727,.26333937,.066526741,.024312431,.084761709,266753917,70246805
Middle East and North Africa,MNA,1997,5.5,6.8646727,.58678913,.22275656,.10770635,.31679821,266753917,156528293
Middle East and North Africa,MNA,1998,1.9,7.2535152,.040369414,.00759554,.0024167371,.0093896696,271692533,10968068
Middle East and North Africa,MNA,1998,3.2,7.2535152,.22835027,.055779401,.020054555,.070776641,271692533,62041064
Middle East and North Africa,MNA,1998,5.5,7.2535152,.55094314,.20026842,.094234608,.28171611,271692533,149687141
Middle East and North Africa,MNA,1999,1.9,7.3374162,.037363749,.0070848949,.0022812192,.0086585423,276604912,10334996
Middle East and North Africa,MNA,1999,3.2,7.3374162,.21423492,.051618092,.018515935,.065501966,276604912,59258431
Middle East and North Africa,MNA,1999,5.5,7.3374162,.54047775,.19223955,.089282595,.26889542,276604912,149498797
Middle East and North Africa,MNA,2000,1.9,7.6644459,.033246148,.0063305926,.0020679561,.0077694426,281547587,9360373
Middle East and North Africa,MNA,2000,3.2,7.6644459,.19675833,.046676975,.016646553,.059172515,281547587,55396834
Middle East and North Africa,MNA,2000,5.5,7.6644459,.51688528,.18011266,.082592614,.25045007,281547587,145527795
Middle East and North Africa,MNA,2001,1.9,7.8467903,.03287315,.0061579477,.0019790109,.0075473315,286543964,9419603
Middle East and North Africa,MNA,2001,3.2,7.8467903,.19529054,.046288326,.01644461,.058602877,286543964,55959322
Middle East and North Africa,MNA,2001,5.5,7.8467903,.51163697,.17878313,.082033411,.24827658,286543964,146606483
Middle East and North Africa,MNA,2003,1.9,7.9688735,.042298365,.0076515391,.0023324427,.0092715882,296729823,12551187
Middle East and North Africa,MNA,2003,3.2,7.9688735,.22706565,.056139354,.020283313,.071367264,296729823,67377151
Middle East and North Africa,MNA,2003,5.5,7.9688735,.53496498,.19776703,.094069473,.27798098,296729823,158740072
Middle East and North Africa,MNA,2004,1.9,8.4684534,.032949455,.0058082198,.0017472121,.0070160921,301948270,9949030
Middle East and North Africa,MNA,2004,3.2,8.4684534,.19356538,.046051711,.016222941,.057979248,301948270,58446732
Middle East and North Africa,MNA,2004,5.5,8.4684534,.49911022,.17607002,.081270173,.24416901,301948270,150705471
Middle East and North Africa,MNA,2005,1.9,8.7538242,.030963734,.0053972816,.0016134193,.0064985491,307266768,9514126
Middle East and North Africa,MNA,2005,3.2,8.7538242,.18678761,.043958608,.015372998,.055223711,307266768,57393624
Middle East and North Africa,MNA,2005,5.5,8.7538242,.48873684,.17114049,.078569137,.23655328,307266768,150172593
Middle East and North Africa,MNA,2006,1.9,8.9588213,.02910826,.0051351832,.0015407382,.0061826822,312690184,9101867
Middle East and North Africa,MNA,2006,3.2,8.9588213,.17989753,.041798197,.014564645,.052468054,312690184,56252192
Middle East and North Africa,MNA,2006,5.5,8.9588213,.48075542,.16640757,.075802363,.22926039,312690184,150327502
Middle East and North Africa,MNA,2007,1.9,9.2799959,.028446905,.0050884234,.0015627256,.0061541852,318230525,9052673
Middle East and North Africa,MNA,2007,3.2,9.2799959,.17347589,.040224463,.01408719,.050605096,318230525,55205323
Middle East and North Africa,MNA,2007,5.5,9.2799959,.468667,.16144641,.073351569,.22225371,318230525,149144141
Middle East and North Africa,MNA,2008,1.9,9.2054024,.027386822,.0050608967,.0015969925,.0061400034,323919702,8871131
Middle East and North Africa,MNA,2008,3.2,9.2054024,.16755629,.03883931,.013668468,.04898965,323919702,54274780
Middle East and North Africa,MNA,2008,5.5,9.2054024,.46043086,.15733501,.071243875,.21638429,323919702,149142632
Middle East and North Africa,MNA,2009,1.9,9.2274609,.024920272,.0047056815,.0015434786,.0057671675,329777152,8218136
Middle East and North Africa,MNA,2009,3.2,9.2274609,.15632918,.035855152,.012601867,.045332983,329777152,51553792
Middle East and North Africa,MNA,2009,5.5,9.2274609,.44696319,.15005405,.06716077,.20549297,329777152,147398246
Middle East and North Africa,MNA,2010,1.9,9.4270716,.020667652,.003846185,.0012889159,.0047389781,335819277,6940596
Middle East and North Africa,MNA,2010,3.2,9.4270716,.13926737,.031138975,.010737982,.039037455,335819277,46768669
Middle East and North Africa,MNA,2010,5.5,9.4270716,.42674604,.13883071,.060794033,.18842709,335819277,143309547
Middle East and North Africa,MNA,2011,1.9,9.5110359,.023037102,.0046059899,.0015858408,.0057167755,342064162,7880167
Middle East and North Africa,MNA,2011,3.2,9.5110359,.13427331,.031302605,.011276098,.039806545,342064162,45930086
Middle East and North Africa,MNA,2011,5.5,9.5110359,.41422704,.13487376,.059575941,.1840951,342064162,141692223
Middle East and North Africa,MNA,2012,1.9,9.3751659,.022407897,.0045734588,.0015794414,.005675219,348496459,7809073
Middle East and North Africa,MNA,2012,3.2,9.3751659,.1300565,.030258318,.010962844,.03856907,348496459,45324231
Middle East and North Africa,MNA,2012,5.5,9.3751659,.41151041,.13257761,.058175456,.18058826,348496459,143409923
Middle East and North Africa,MNA,2013,1.9,9.4206896,.02159673,.004329721,.0014524952,.0052875397,355055210,7668032
Middle East and North Africa,MNA,2013,3.2,9.4206896,.12578486,.029217623,.010537445,.03714525,355055210,44660570
Middle East and North Africa,MNA,2013,5.5,9.4206896,.40227374,.12899782,.056407664,.17540744,355055210,142829394
Middle East and North Africa,MNA,2014,1.9,9.2261181,.02543696,.0051467409,.0017352264,.0063218698,361657093,9199457
Middle East and North Africa,MNA,2014,3.2,9.2261181,.13588054,.032574702,.01204362,.041740388,361657093,49142163
Middle East and North Africa,MNA,2014,5.5,9.2261181,.41021672,.13444239,.060086004,.18457863,361657093,148357785
Middle East and North Africa,MNA,2015,1.9,9.1053925,.042966023,.010836631,.0042386423,.014027962,368242897,15821933
Middle East and North Africa,MNA,2015,3.2,9.1053925,.15375906,.044101585,.018981641,.059839569,368242897,56620685
Middle East and North Africa,MNA,2015,5.5,9.1053925,.41710016,.14593804,.070410311,.20924726,368242897,153594177
Middle East and North Africa,MNA,2016,1.9,9.160964,.052507851,.014520274,.005955494,.019137863,374773234,19678537
Middle East and North Africa,MNA,2016,3.2,9.160964,.16440332,.050786611,.023173012,.070719659,374773234,61613962
Middle East and North Africa,MNA,2016,5.5,9.160964,.41553336,.15175006,.076267801,.22292905,374773234,155730788
Middle East and North Africa,MNA,2017,1.9,9.2052231,.063864246,.018461408,.0077533224,.024583766,381254383,24348524
Middle East and North Africa,MNA,2017,3.2,9.2052231,.18356217,.05946517,.028068721,.084108457,381254383,69983885
Middle East and North Africa,MNA,2017,5.5,9.2052231,.42966017,.16438544,.085505128,.24628852,381254383,163809821
Middle East and North Africa,MNA,2018,1.9,9.1234713,.070609614,.02060548,.0086971354,.027485708,387784643,27381325
Middle East and North Africa,MNA,2018,3.2,9.1234713,.19721994,.064977571,.030967636,.092306644,387784643,76478863
Middle East and North Africa,MNA,2018,5.5,9.1234713,.43954954,.17323962,.091644131,.2618852,387784643,170450564
Other high Income,OHI,1981,1.9,32.821098,.0062508704,.0035493237,.0026448139,.0080476226,846429146,5290919
Other high Income,OHI,1981,3.2,32.821098,.012495552,.0059255203,.004014866,.01259167,846429146,10576600
Other high Income,OHI,1981,5.5,32.821098,.035548814,.013041975,.0076001808,.024261361,846429146,30089553
Other high Income,OHI,1982,1.9,32.876953,.0061209323,.0035373161,.0026682457,.0080180857,852927823,5220713
Other high Income,OHI,1982,3.2,32.876953,.012073562,.0058218138,.0039854837,.012420909,852927823,10297877
Other high Income,OHI,1982,5.5,32.876953,.034108996,.012515822,.0073778885,.023489743,852927823,29092512
Other high Income,OHI,1983,1.9,33.941498,.0061053075,.0035129986,.0026727153,.0079117967,858974219,5244302
Other high Income,OHI,1983,3.2,33.941498,.011705399,.0056601577,.0039209803,.012107668,858974219,10054636
Other high Income,OHI,1983,5.5,33.941498,.030919895,.011853488,.007081985,.022451209,858974219,26559392
Other high Income,OHI,1984,1.9,34.568062,.0061123772,.0035094449,.002692803,.0078686913,864676058,5285226
Other high Income,OHI,1984,3.2,34.568062,.011380895,.0055602356,.0038935426,.011920949,864676058,9840788
Other high Income,OHI,1984,5.5,34.568062,.029557485,.011437293,.0068975729,.021795783,864676058,25557650
Other high Income,OHI,1985,1.9,35.267159,.0055951909,.0033995982,.0026198102,.0076883291,870433540,4870242
Other high Income,OHI,1985,3.2,35.267159,.010859841,.0053183502,.0037539464,.011529021,870433540,9452770
Other high Income,OHI,1985,5.5,35.267159,.027879342,.01077188,.0065450743,.02075881,870433540,24267115
Other high Income,OHI,1986,1.9,36.064262,.0053215977,.0033296193,.00258056,.0076053324,876383720,4663762
Other high Income,OHI,1986,3.2,36.064262,.010232944,.0051032491,.0036481146,.011234478,876383720,8967986
Other high Income,OHI,1986,5.5,36.064262,.025632547,.0099642398,.0061804662,.019633042,876383720,22463947
Other high Income,OHI,1987,1.9,37.064575,.0056887963,.0038041433,.003039791,.0084138801,882428690,5019957
Other high Income,OHI,1987,3.2,37.064575,.010028205,.0054519828,.0040796441,.012055467,882428690,8849176
Other high Income,OHI,1987,5.5,37.064575,.023469687,.0098488675,.0064175087,.019999882,882428690,20710325
Other high Income,OHI,1988,1.9,38.129864,.005183327,.0033494458,.0026629076,.0072628255,888686026,4606350
Other high Income,OHI,1988,3.2,38.129864,.0087703653,.0048143258,.0035857321,.010470817,888686026,7794101
Other high Income,OHI,1988,5.5,38.129864,.020404952,.0086080935,.0056367763,.017371209,888686026,18133595
Other high Income,OHI,1989,1.9,39.398964,.0045536933,.0029162464,.0023041102,.0061466289,895525189,4077947
Other high Income,OHI,1989,3.2,39.398964,.0078582475,.0042076721,.003117817,.0089446157,895525189,7037259
Other high Income,OHI,1989,5.5,39.398964,.018068595,.0074948268,.0049190526,.01493537,895525189,16180881
Other high Income,OHI,1990,1.9,40.28405,.004508609,.0028331298,.0022389027,.005833738,902855415,4070622
Other high Income,OHI,1990,3.2,40.28405,.0076055899,.0040237252,.0030095426,.0084837591,902855415,6866748
Other high Income,OHI,1990,5.5,40.28405,.016416501,.0070464159,.0046797502,.014073133,902855415,14821727
Other high Income,OHI,1991,1.9,40.477852,.0044544535,.00278561,.002209726,.0056071682,910994282,4057982
Other high Income,OHI,1991,3.2,40.477852,.0071756043,.0039344146,.0029584221,.0081973793,910994282,6536934
Other high Income,OHI,1991,5.5,40.477852,.015820689,.0068315556,.0045602936,.013595931,910994282,14412559
Other high Income,OHI,1992,1.9,40.809471,.0045640534,.0029937844,.0023831031,.0059907096,918966076,4194210
Other high Income,OHI,1992,3.2,40.809471,.007814345,.0043239216,.0032128266,.0088799139,918966076,7181118
Other high Income,OHI,1992,5.5,40.809471,.016568694,.0073616141,.0049702516,.014648325,918966076,15226068
Other high Income,OHI,1993,1.9,41.193249,.0049085631,.0032739937,.0026571262,.0083082393,926487099,4547720
Other high Income,OHI,1993,3.2,41.193249,.0082121491,.0046117012,.0034928783,.011344738,926487099,7608450
Other high Income,OHI,1993,5.5,41.193249,.016548168,.0077345916,.0052814004,.017362954,926487099,15331663
Other high Income,OHI,1994,1.9,41.950802,.0048015597,.0032781193,.0026600254,.0089634629,933485580,4482187
Other high Income,OHI,1994,3.2,41.950802,.0079693524,.004595085,.0035093813,.012072194,933485580,7439275
Other high Income,OHI,1994,5.5,41.950802,.016384764,.0076435609,.0052673449,.018086186,933485580,15294941
Other high Income,OHI,1995,1.9,42.612343,.0047707544,.0033011085,.0026924086,.0048972834,940281635,4485853
Other high Income,OHI,1995,3.2,42.612343,.0077296915,.0045103696,.003490773,.0075152186,940281635,7268087
Other high Income,OHI,1995,5.5,42.612343,.015215002,.0073219109,.0051123789,.012805499,940281635,14306387
Other high Income,OHI,1996,1.9,43.418823,.0045991242,.0032361131,.0027356548,.0047029271,947239551,4356472
Other high Income,OHI,1996,3.2,43.418823,.007497902,.0044103866,.0034668141,.0072141904,947239551,7102309
Other high Income,OHI,1996,5.5,43.418823,.014342633,.0069593638,.0049567814,.012089064,947239551,13585909
Other high Income,OHI,1997,1.9,44.29747,.005396449,.0034852512,.0028896686,.0050331261,954013195,5148284
Other high Income,OHI,1997,3.2,44.29747,.0073060887,.0045972937,.0036673273,.0075745978,954013195,6970105
Other high Income,OHI,1997,5.5,44.29747,.013717582,.0070433938,.0051248828,.012403877,954013195,13086754
Other high Income,OHI,1998,1.9,45.213776,.0054222732,.0038178791,.0031688334,.0053758719,960625394,5208773
Other high Income,OHI,1998,3.2,45.213776,.0080787707,.0048925029,.0039365157,.0079614324,960625394,7760672
Other high Income,OHI,1998,5.5,45.213776,.014612151,.0074076965,.0054380218,.012977255,960625394,14036804
Other high Income,OHI,1999,1.9,46.330761,.0051102089,.0033833175,.0028286085,.0044376049,967202702,4942608
Other high Income,OHI,1999,3.2,46.330761,.0070856013,.004364782,.0035246161,.0067248782,967202702,6853213
Other high Income,OHI,1999,5.5,46.330761,.012854964,.0065837968,.0048449547,.011113766,967202702,12433355
Other high Income,OHI,2000,1.9,47.449806,.0048383251,.0032940055,.002770857,.0045196745,974155625,4713282
Other high Income,OHI,2000,3.2,47.449806,.0068307412,.004174965,.0034099508,.0066532544,974155625,6654205
Other high Income,OHI,2000,5.5,47.449806,.012095738,.0063182879,.0046714628,.010880531,974155625,11783132
Other high Income,OHI,2001,1.9,48.469337,.004830067,.0035839409,.0030968974,.0066343891,981247088,4739489
Other high Income,OHI,2001,3.2,48.469337,.0073199067,.0045272661,.0037386045,.0089986548,981247088,7182637
Other high Income,OHI,2001,5.5,48.469337,.012419058,.0066606454,.0050138878,.013405444,981247088,12186164
Other high Income,OHI,2002,1.9,48.733864,.0047860388,.0034914336,.0029626884,.0058954819,988381719,4730433
Other high Income,OHI,2002,3.2,48.733864,.0067488709,.0044277185,.0036210564,.0081970599,988381719,6670461
Other high Income,OHI,2002,5.5,48.733864,.012633235,.006532087,.0048871865,.012505131,988381719,12486459
Other high Income,OHI,2003,1.9,49.263851,.0055698766,.0038711582,.0032772934,.011061951,995407868,5544299
Other high Income,OHI,2003,3.2,49.263851,.0076914816,.0048798439,.0040248865,.01366837,995407868,7656161
Other high Income,OHI,2003,5.5,49.263851,.012815011,.006985846,.0053389776,.018235479,995407868,12756163
Other high Income,OHI,2004,1.9,49.669888,.0053225341,.0039262539,.0033867382,.0042619538,1002816603,5337526
Other high Income,OHI,2004,3.2,49.669888,.0075823078,.0048634717,.004055141,.0064300359,1002816603,7603664
Other high Income,OHI,2004,5.5,49.669888,.012842967,.0069926945,.0053372667,.010630666,1002816603,12879141
Other high Income,OHI,2005,1.9,50.337524,.0054245614,.0039363131,.003392969,.011246352,1010403901,5480998
Other high Income,OHI,2005,3.2,50.337524,.0074191424,.0048163431,.004057976,.013699926,1010403901,7496331
Other high Income,OHI,2005,5.5,50.337524,.012210695,.0067924662,.005247016,.018033326,1010403901,12337734
Other high Income,OHI,2006,1.9,51.363258,.0051001501,.0037529622,.0032531112,.0036394028,1018652072,5195278
Other high Income,OHI,2006,3.2,51.363258,.0070273909,.0045770099,.0038605258,.0055578337,1018652072,7158466
Other high Income,OHI,2006,5.5,51.363258,.012213219,.0064473609,.0049819029,.0092518823,1018652072,12441021
Other high Income,OHI,2007,1.9,52.816074,.0050162426,.0035837276,.0031162833,.0034128672,1027282607,5153099
Other high Income,OHI,2007,3.2,52.816074,.0070256386,.0044373563,.0037163987,.0053242319,1027282607,7217317
Other high Income,OHI,2007,5.5,52.816074,.011007774,.0062687537,.0048373006,.0089465333,1027282607,11308094
Other high Income,OHI,2008,1.9,52.098034,.0051306272,.0038385561,.0033307192,.004056673,1036427669,5317524
Other high Income,OHI,2008,3.2,52.098034,.0073482734,.0047835363,.003964717,.0061970642,1036427669,7615954
Other high Income,OHI,2008,5.5,52.098034,.012104293,.0067730746,.0052034492,.010204035,1036427669,12545224
Other high Income,OHI,2009,1.9,52.385647,.0051563727,.0034609179,.0029972657,.0082207955,1044532296,5385998
Other high Income,OHI,2009,3.2,52.385647,.0062892959,.0043914975,.0036405863,.010543515,1044532296,6569372
Other high Income,OHI,2009,5.5,52.385647,.011161298,.0062726908,.0047901622,.014575486,1044532296,11658336
Other high Income,OHI,2010,1.9,52.229424,.005022421,.0039671566,.0035169509,.0039983224,1051961605,5283394
Other high Income,OHI,2010,3.2,52.229424,.0072785043,.0048954319,.0041086762,.0060532256,1051961605,7656707
Other high Income,OHI,2010,5.5,52.229424,.011786425,.0067555206,.0052654319,.0098119192,1051961605,12398866
Other high Income,OHI,2011,1.9,52.266788,.0056155473,.0041450225,.0036240821,.0039093476,1057111686,5936261
Other high Income,OHI,2011,3.2,52.266788,.0077931653,.005159948,.0043010372,.0060893758,1057111686,8238246
Other high Income,OHI,2011,5.5,52.266788,.012635208,.007212644,.0055766129,.010145564,1057111686,13356825
Other high Income,OHI,2012,1.9,51.995667,.0057395562,.0040604821,.0034427983,.0040979143,1063606360,6104628
Other high Income,OHI,2012,3.2,51.995667,.0081489049,.0052306727,.0042387517,.0065672295,1063606360,8667227
Other high Income,OHI,2012,5.5,51.995667,.013574714,.0074514882,.0056636189,.011018141,1063606360,14438152
Other high Income,OHI,2013,1.9,52.086773,.0063405265,.0042830547,.0036353876,.0040984522,1070137267,6785233
Other high Income,OHI,2013,3.2,52.086773,.0087237349,.0055621378,.0044936622,.0067038517,1070137267,9335594
Other high Income,OHI,2013,5.5,52.086773,.013739288,.0077690859,.0059752092,.011202398,1070137267,14702924
Other high Income,OHI,2014,1.9,52.523708,.0067880885,.0045993323,.0039001361,.0062214066,1076837227,7309667
Other high Income,OHI,2014,3.2,52.523708,.009368022,.0059207832,.0048059872,.0091430452,1076837227,10087835
Other high Income,OHI,2014,5.5,52.523708,.014188305,.0082000457,.0063584582,.014039652,1076837227,15278495
Other high Income,OHI,2015,1.9,53.620506,.0073206872,.004653661,.0040161242,.0052915327,1083354921,7930903
Other high Income,OHI,2015,3.2,53.620506,.0088453619,.0060459874,.0049499818,.0082304869,1083354921,9582667
Other high Income,OHI,2015,5.5,53.620506,.014020873,.0084028495,.0065177232,.013153521,1083354921,15189582
Other high Income,OHI,2016,1.9,55.222668,.0063374611,.004518196,.0039185146,.0048243674,1089854227,6906909
Other high Income,OHI,2016,3.2,55.222668,.0084707774,.0057912986,.0047604446,.0075316643,1089854227,9231912
Other high Income,OHI,2016,5.5,55.222668,.013314484,.0079325214,.0061961701,.01204868,1089854227,14510846
Other high Income,OHI,2017,1.9,55.955757,.0070046177,.0047633154,.0040969457,.0067893588,1095553444,7673933
Other high Income,OHI,2017,3.2,55.955757,.0089197522,.0059490036,.0049618189,.0095844958,1095553444,9772065
Other high Income,OHI,2017,5.5,55.955757,.012705906,.0079133194,.0063135484,.014033386,1095553444,13919999
Other high Income,OHI,2018,1.9,57.666561,.0060628643,.0042175446,.0036409849,.004777208,1100812590,6674078
Other high Income,OHI,2018,3.2,57.666561,.0083377697,.0053946944,.004419588,.0073021939,1100812590,9178322
Other high Income,OHI,2018,5.5,57.666561,.012509637,.0073360261,.0057590278,.011472669,1100812590,13770766
Other high Income,OHI,2019,1.9,59.746086,.0060237995,.0039244457,.0033286531,.0099612782,1105265199,6657896
Other high Income,OHI,2019,3.2,59.746086,.0074479617,.0050452147,.0041306498,.012718515,1105265199,8231973
Other high Income,OHI,2019,5.5,59.746086,.011692428,.0069300085,.0054167435,.01708338,1105265199,12923234
South Asia,SAS,1981,1.9,2.1093218,.58179301,.193414,.085348956,.26693806,922226632,536545000
South Asia,SAS,1981,3.2,2.1093218,.86938894,.4223949,.24054262,.65861917,922226632,801773635
South Asia,SAS,1981,5.5,2.1093218,.96791172,.63627619,.447615,1.1630976,922226632,892633944
South Asia,SAS,1982,1.9,2.1060245,.5781315,.19005305,.083127812,.26134789,944315173,545938371
South Asia,SAS,1982,3.2,2.1060245,.86869901,.41979474,.23783033,.65223777,944315173,820325636
South Asia,SAS,1982,5.5,2.1060245,.96782351,.63465559,.44537279,1.1565555,944315173,913930423
South Asia,SAS,1983,1.9,2.1416864,.56098497,.18084253,.077967688,.2473084,966836458,542380737
South Asia,SAS,1983,3.2,2.1416864,.86094207,.40931344,.22925988,.63162029,966836458,832390204
South Asia,SAS,1983,5.5,2.1416864,.96602356,.62691975,.43652532,1.133734,966836458,933986805
South Asia,SAS,1984,1.9,2.1999872,.54500878,.17161238,.0725291,.23224248,989728262,539410563
South Asia,SAS,1984,3.2,2.1999872,.85277855,.39891422,.22059214,.61052197,989728262,844019053
South Asia,SAS,1984,5.5,2.1999872,.96332276,.61888736,.42754743,1.1099837,989728262,953427749
South Asia,SAS,1985,1.9,2.2540209,.53131074,.16336212,.067638405,.21867825,1012942302,538187098
South Asia,SAS,1985,3.2,2.2540209,.84555143,.38967255,.21283746,.59165967,1012942302,856494827
South Asia,SAS,1985,5.5,2.2540209,.96080059,.61169398,.41953132,1.0886854,1012942302,973235567
South Asia,SAS,1986,1.9,2.2868736,.52376878,.15812951,.064404286,.20984443,1036437878,542853817
South Asia,SAS,1986,3.2,2.2868736,.84196442,.38435903,.20810038,.58021522,1036437878,872643823
South Asia,SAS,1986,5.5,2.2868736,.95937258,.60770905,.41490597,1.0760242,1036437878,994330110
South Asia,SAS,1987,1.9,2.316884,.51747906,.15354908,.061488334,.20210271,1060208544,548635731
South Asia,SAS,1987,3.2,2.316884,.83911943,.37992147,.20403686,.57043397,1060208544,889641573
South Asia,SAS,1987,5.5,2.316884,.95803159,.60429323,.41097528,1.0651166,1060208544,1015713293
South Asia,SAS,1988,1.9,2.3596606,.5041061,.14619841,.057518527,.19115998,1084281159,546592734
South Asia,SAS,1988,3.2,2.3596606,.83309436,.37171492,.19733377,.55404055,1084281159,903308525
South Asia,SAS,1988,5.5,2.3596606,.95645505,.59811407,.4039982,1.0467417,1084281159,1037066178
South Asia,SAS,1989,1.9,2.3741133,.49891537,.14369135,.056346294,.18767102,1108702366,553148640
South Asia,SAS,1989,3.2,2.3741133,.82988125,.36861864,.19508375,.54757464,1108702366,920091332
South Asia,SAS,1989,5.5,2.3741133,.95588845,.59560299,.40135202,1.0391076,1108702366,1059795782
South Asia,SAS,1990,1.9,2.3781552,.49519563,.14216246,.055905979,.18572764,1133495194,561301855
South Asia,SAS,1990,3.2,2.3781552,.82858127,.36666813,.19376701,.54329646,1133495194,939192860
South Asia,SAS,1990,5.5,2.3781552,.95624298,.59433526,.39984375,1.034389,1133495194,1083896831
South Asia,SAS,1991,1.9,2.3939004,.4886623,.13792336,.05354606,.17924622,1158655616,566191316
South Asia,SAS,1991,3.2,2.3939004,.82539439,.36237735,.19011666,.53353417,1158655616,956347830
South Asia,SAS,1991,5.5,2.3939004,.95616865,.59130275,.39622262,1.0236528,1158655616,1107870173
South Asia,SAS,1992,1.9,2.4458036,.47118789,.12889507,.04891216,.16620456,1184133340,557949282
South Asia,SAS,1992,3.2,2.4458036,.81595093,.35130107,.18159278,.51210153,1184133340,966194681
South Asia,SAS,1992,5.5,2.4458036,.95404845,.58280617,.38687766,.99918795,1184133340,1129720608
South Asia,SAS,1993,1.9,2.4832778,.45986453,.12368144,.046426248,.15893272,1209847774,556366080
South Asia,SAS,1993,3.2,2.4832778,.808635,.34447411,.1766503,.49919549,1209847774,978325243
South Asia,SAS,1993,5.5,2.4832778,.95199811,.57705873,.38098234,.98367584,1209847774,1151772797
South Asia,SAS,1994,1.9,2.5141017,.45162395,.11971763,.044438351,.15327667,1235693864,558068922
South Asia,SAS,1994,3.2,2.5141017,.80461156,.33997446,.17308146,.4903065,1235693864,994253561
South Asia,SAS,1994,5.5,2.5141017,.95021343,.57320571,.37701049,.97305357,1235693864,1174172885
South Asia,SAS,1995,1.9,2.5853314,.43328539,.11329888,.041679427,.14465958,1261587780,546627563
South Asia,SAS,1995,3.2,2.5853314,.79206496,.32951298,.16614051,.47301984,1261587780,999259481
South Asia,SAS,1995,5.5,2.5853314,.94521862,.56380492,.36795756,.95128196,1261587780,1192476300
South Asia,SAS,1996,1.9,2.6354642,.41985047,.10862356,.039659694,.13836408,1287476203,540547499
South Asia,SAS,1996,3.2,2.6354642,.78259116,.32187894,.16106275,.46038151,1287476203,1007567494
South Asia,SAS,1996,5.5,2.6354642,.94219005,.5570519,.36138713,.93550467,1287476203,1213047265
South Asia,SAS,2002,1.9,2.7786696,.39633775,.098280869,.034490187,.12355581,1442644044,571774283
South Asia,SAS,2002,3.2,2.7786696,.76317799,.30667645,.15046927,.43386689,1442644044,1100994166
South Asia,SAS,2002,5.5,2.7786696,.9316588,.54199618,.34758419,.90075558,1442644044,1344052048
South Asia,SAS,2003,1.9,2.8383501,.38513592,.094438046,.032886028,.11845122,1468324423,565504487
South Asia,SAS,2003,3.2,2.8383501,.75336891,.29966336,.1460672,.42264467,1468324423,1106189960
South Asia,SAS,2003,5.5,2.8383501,.92692298,.53507382,.34133369,.88571638,1468324423,1361023645
South Asia,SAS,2004,1.9,2.9218218,.36792284,.089132659,.030772028,.11151935,1493757846,549587650
South Asia,SAS,2004,3.2,2.9218218,.73775643,.28911936,.1396724,.40616214,1493757846,1102029502
South Asia,SAS,2004,5.5,2.9218218,.92046928,.52469766,.332003,.86351752,1493757846,1374958196
South Asia,SAS,2005,1.9,3.0019848,.34928727,.082988247,.028215984,.10338812,1518861546,530519020
South Asia,SAS,2005,3.2,3.0019848,.72410798,.27857721,.13288592,.38909033,1518861546,1099819727
South Asia,SAS,2005,5.5,3.0019848,.91489488,.51494712,.32281029,.84154546,1518861546,1389598650
South Asia,SAS,2006,1.9,3.0619102,.33515593,.078255855,.026333263,.09720926,1543610686,517350296
South Asia,SAS,2006,3.2,3.0619102,.71355087,.27037278,.12763944,.37590423,1543610686,1101444743
South Asia,SAS,2006,5.5,3.0619102,.91126657,.50751346,.31570783,.82472551,1543610686,1406640769
South Asia,SAS,2007,1.9,3.1363809,.31753436,.072705336,.024212198,.090063192,1568003175,497894888
South Asia,SAS,2007,3.2,3.1363809,.69858038,.2599116,.12118598,.35947362,1568003175,1095376280
South Asia,SAS,2007,5.5,3.1363809,.90602845,.49761051,.30654785,.80310792,1568003175,1420655494
South Asia,SAS,2008,1.9,3.1877954,.3038339,.068914399,.022787483,.085195415,1592010815,483706846
South Asia,SAS,2008,3.2,3.1877954,.68836081,.25265211,.11674322,.34811985,1592010815,1095877878
South Asia,SAS,2008,5.5,3.1877954,.90265274,.49073347,.30018649,.78813684,1592010815,1437032957
South Asia,SAS,2009,1.9,3.2409279,.29290959,.065346979,.02147582,.080637254,1615610187,473227709
South Asia,SAS,2009,3.2,3.2409279,.67769641,.24555714,.11247839,.33713087,1615610187,1094893186
South Asia,SAS,2009,5.5,3.2409279,.8996461,.48387462,.29392508,.77342433,1615610187,1453477375
South Asia,SAS,2010,1.9,3.3584056,.26677516,.058403581,.018902676,.071776643,1638792927,437189245
South Asia,SAS,2010,3.2,3.3584056,.65478456,.23071074,.10378262,.31445447,1638792927,1073056327
South Asia,SAS,2010,5.5,3.3584056,.89127439,.46912912,.28078201,.74248213,1638792927,1460614212
South Asia,SAS,2011,1.9,3.6670227,.20539343,.041459456,.012562799,.050175477,1661532158,341267788
South Asia,SAS,2011,3.2,3.6670227,.59666944,.19359109,.082163572,.25798178,1661532158,991385415
South Asia,SAS,2011,5.5,3.6670227,.8685962,.43157977,.24772334,.66449416,1661532158,1443200555
South Asia,SAS,2012,1.9,3.7625558,.19234,.037945211,.011310868,.045756303,1683740452,323850638
South Asia,SAS,2012,3.2,3.7625558,.57895368,.1841438,.077139296,.24421084,1683740452,974807749
South Asia,SAS,2012,5.5,3.7625558,.85980326,.42081597,.23892191,.64364737,1683740452,1447685578
South Asia,SAS,2013,1.9,3.9029477,.17048231,.032628693,.0094936844,.039148193,1705761545,290802158
South Asia,SAS,2013,3.2,3.9029477,.55075186,.16986036,.069541074,.22344317,1705761545,939451309
South Asia,SAS,2013,5.5,3.9029477,.84791356,.40450522,.22560546,.61214131,1705761545,1446338331
South Asia,SAS,2014,1.9,4.0324912,.15254048,.028393038,.0080913389,.033926804,1727632022,263533820
South Asia,SAS,2014,3.2,4.0324912,.52659696,.15777148,.063233584,.20605117,1727632022,909765822
South Asia,SAS,2014,5.5,4.0324912,.83638364,.39011535,.2141342,.58490407,1727632022,1444963185
Sub-Saharan Africa,SSA,1990,1.9,3.0243201,.55075639,.25013325,.14627838,.40673324,509451875,280583869
Sub-Saharan Africa,SSA,1990,3.2,3.0243201,.75478649,.4192667,.27668348,.75003141,509451875,384527390
Sub-Saharan Africa,SSA,1990,5.5,3.0243201,.89060545,.5952751,.44321519,1.1997864,509451875,453720615
Sub-Saharan Africa,SSA,1991,1.9,2.9363003,.56815147,.26294017,.15508161,.43031177,523726960,297556239
Sub-Saharan Africa,SSA,1991,3.2,2.9363003,.76526332,.43244606,.28843239,.78077334,523726960,400789042
Sub-Saharan Africa,SSA,1991,5.5,2.9363003,.89498115,.60573155,.45494384,1.2342563,523726960,468725766
Sub-Saharan Africa,SSA,1992,1.9,2.8247106,.58329958,.27300927,.16201778,.44626302,538246439,313958935
Sub-Saharan Africa,SSA,1992,3.2,2.8247106,.77577198,.44356155,.29795152,.80307674,538246439,417556512
Sub-Saharan Africa,SSA,1992,5.5,2.8247106,.90152872,.61533439,.46460187,1.2609144,538246439,485244624
Sub-Saharan Africa,SSA,1993,1.9,2.6971483,.59719241,.28115895,.16717303,.45828801,553020385,330259563
Sub-Saharan Africa,SSA,1993,3.2,2.6971483,.7879594,.45380703,.3059355,.82219601,553020385,435757596
Sub-Saharan Africa,SSA,1993,5.5,2.6971483,.90866274,.6238538,.47143814,1.2855296,553020385,502509026
Sub-Saharan Africa,SSA,1994,1.9,2.6548078,.60234636,.28776166,.17282532,.4723838,568072070,342176140
Sub-Saharan Africa,SSA,1994,3.2,2.6548078,.79125255,.45937872,.31182325,.83839965,568072070,449488473
Sub-Saharan Africa,SSA,1994,5.5,2.6548078,.91001642,.6279214,.47654334,1.3027364,568072070,516954902
Sub-Saharan Africa,SSA,1995,1.9,2.7027249,.59662443,.28317463,.16958226,.46366483,583413287,348078626
Sub-Saharan Africa,SSA,1995,3.2,2.7027249,.7866593,.45458001,.30757254,.82674074,583413287,458947498
Sub-Saharan Africa,SSA,1995,5.5,2.7027249,.90700501,.62360662,.47208482,1.2890893,583413287,529158780
Sub-Saharan Africa,SSA,1996,1.9,2.7704718,.58686006,.27585509,.16421849,.44963977,599067774,351568962
Sub-Saharan Africa,SSA,1996,3.2,2.7704718,.78100866,.44722265,.3008261,.8088156,599067774,467877133
Sub-Saharan Africa,SSA,1996,5.5,2.7704718,.90236956,.61703819,.46522039,1.2680347,599067774,540580522
Sub-Saharan Africa,SSA,1997,1.9,2.765552,.58467031,.27378052,.16277365,.4460493,615054341,359604022
Sub-Saharan Africa,SSA,1997,3.2,2.765552,.7809341,.44549245,.29905769,.80439246,615054341,480316912
Sub-Saharan Africa,SSA,1997,5.5,2.765552,.90234911,.61586219,.46371752,1.2634444,615054341,554993745
Sub-Saharan Africa,SSA,1998,1.9,2.7368727,.58384293,.27113113,.16024204,.44007707,631400703,368638851
Sub-Saharan Africa,SSA,1998,3.2,2.7368727,.78301299,.44430682,.29696789,.79887241,631400703,494394945
Sub-Saharan Africa,SSA,1998,5.5,2.7368727,.90381759,.61595064,.46277815,1.2589422,631400703,570671050
Sub-Saharan Africa,SSA,1999,1.9,2.7002704,.58249891,.26931638,.15926562,.43833274,648148338,377545713
Sub-Saharan Africa,SSA,1999,3.2,2.7002704,.78496909,.44358164,.29578686,.79748631,648148338,508776425
Sub-Saharan Africa,SSA,1999,5.5,2.7002704,.90606803,.61650252,.4624328,1.2587359,648148338,587266505
Sub-Saharan Africa,SSA,2000,1.9,2.6835871,.57826936,.26830465,.15953833,.43954867,665327588,384738570
Sub-Saharan Africa,SSA,2000,3.2,2.6835871,.7846821,.44214296,.29496279,.79755926,665327588,522070633
Sub-Saharan Africa,SSA,2000,5.5,2.6835871,.9067688,.61581022,.46149087,1.2589834,665327588,603298283
Sub-Saharan Africa,SSA,2001,1.9,2.6965182,.57129824,.26261404,.15519807,.42825648,682956023,390171576
Sub-Saharan Africa,SSA,2001,3.2,2.6965182,.78160471,.43701434,.28988579,.78380197,682956023,533801640
Sub-Saharan Africa,SSA,2001,5.5,2.6965182,.90649474,.6123451,.4570024,1.2444702,682956023,619096035
Sub-Saharan Africa,SSA,2002,1.9,2.7502141,.56158096,.25243247,.14661998,.40769154,701066197,393705439
Sub-Saharan Africa,SSA,2002,3.2,2.7502141,.77778447,.42882729,.28092787,.76044011,701066197,545278396
Sub-Saharan Africa,SSA,2002,5.5,2.7502141,.90571254,.6069333,.44963691,1.2202098,701066197,634964437
Sub-Saharan Africa,SSA,2003,1.9,2.7791073,.55150235,.24333122,.13956743,.39029357,719716165,396925139
Sub-Saharan Africa,SSA,2003,3.2,2.7791073,.77609938,.42114484,.27291194,.73986685,719716165,558571270
Sub-Saharan Africa,SSA,2003,5.5,2.7791073,.90686339,.60245538,.44308305,1.1994888,719716165,652684234
Sub-Saharan Africa,SSA,2004,1.9,2.9053736,.52725744,.22822,.12975612,.36480954,738983247,389634397
Sub-Saharan Africa,SSA,2004,3.2,2.9053736,.76193148,.40372324,.25838393,.70378065,738983247,563054607
Sub-Saharan Africa,SSA,2004,5.5,2.9053736,.90286565,.58904755,.4280532,1.1592002,738983247,667202568
Sub-Saharan Africa,SSA,2005,1.9,3.0263274,.51083785,.217915,.12280985,.34609702,758924664,387687456
Sub-Saharan Africa,SSA,2005,3.2,3.0263274,.75048476,.39173236,.24844839,.67736602,758924664,569561387
Sub-Saharan Africa,SSA,2005,5.5,3.0263274,.89879209,.57918948,.4174456,1.1288102,758924664,682115505
Sub-Saharan Africa,SSA,2006,1.9,3.1441393,.49853265,.20896743,.11618385,.32841665,779566846,388639537
Sub-Saharan Africa,SSA,2006,3.2,3.1441393,.73949766,.38175505,.23985411,.65366018,779566846,576487860
Sub-Saharan Africa,SSA,2006,5.5,3.1441393,.89265043,.57001024,.40813795,1.1006191,779566846,695880662
Sub-Saharan Africa,SSA,2007,1.9,3.2127268,.48683539,.19927153,.10850304,.30806673,800908567,389910636
Sub-Saharan Africa,SSA,2007,3.2,3.2127268,.73166078,.37218881,.23083855,.62835211,800908567,585993373
Sub-Saharan Africa,SSA,2007,5.5,3.2127268,.88851649,.56201053,.39930001,1.0720599,800908567,711620466
Sub-Saharan Africa,SSA,2008,1.9,3.2883906,.47379366,.18930276,.10121243,.2890572,822945490,389906349
Sub-Saharan Africa,SSA,2008,3.2,3.2883906,.72281283,.36188811,.22156054,.60361797,822945490,594835553
Sub-Saharan Africa,SSA,2008,5.5,3.2883906,.88424623,.55338693,.38991457,1.0437933,822945490,727686431
Sub-Saharan Africa,SSA,2009,1.9,3.2934959,.47047991,.18742318,.10017247,.28631341,845655209,397863771
Sub-Saharan Africa,SSA,2009,3.2,3.2934959,.72070557,.35960099,.21977559,.59934092,845655209,609468396
Sub-Saharan Africa,SSA,2009,5.5,3.2934959,.88363105,.55149436,.38790613,1.0387456,845655209,747247196
Sub-Saharan Africa,SSA,2010,1.9,3.4094281,.4528043,.17593814,.092318758,.26544288,869025115,393498317
Sub-Saharan Africa,SSA,2010,3.2,3.4094281,.70758301,.34662795,.20880596,.5704391,869025115,614907405
Sub-Saharan Africa,SSA,2010,5.5,3.4094281,.87755698,.54014868,.37610164,1.0047714,869025115,762619050
Sub-Saharan Africa,SSA,2011,1.9,3.4098997,.44929951,.18053335,.10030681,.5455454,893045863,401245084
Sub-Saharan Africa,SSA,2011,3.2,3.4098997,.70499015,.34799385,.21327217,.84878087,893045863,629588546
Sub-Saharan Africa,SSA,2011,5.5,3.4098997,.87580216,.5399406,.37781456,1.2817795,893045863,782131483
Sub-Saharan Africa,SSA,2012,1.9,3.4766178,.4351477,.16501619,.084992848,.2460164,917725880,399346303
Sub-Saharan Africa,SSA,2012,3.2,3.4766178,.69671613,.33403569,.19826202,.54300815,917725880,639394445
Sub-Saharan Africa,SSA,2012,5.5,3.4766178,.87250292,.52963859,.36490312,.97306436,917725880,800718500
Sub-Saharan Africa,SSA,2013,1.9,3.521755,.42521083,.15979348,.081811689,.23753348,943039474,400990587
Sub-Saharan Africa,SSA,2013,3.2,3.521755,.68897957,.32704312,.19298017,.52947277,943039474,649734922
Sub-Saharan Africa,SSA,2013,5.5,3.521755,.86854404,.52325386,.35862631,.95641649,943039474,819071307
Sub-Saharan Africa,SSA,2014,1.9,3.5753245,.4136692,.15391229,.07831341,.22810331,968958352,400828211
Sub-Saharan Africa,SSA,2014,3.2,3.5753245,.67906308,.31884572,.18697257,.51397461,968958352,657983836
Sub-Saharan Africa,SSA,2014,5.5,3.5753245,.86326152,.51541644,.35117987,.9368149,968958352,836464486
Sub-Saharan Africa,SSA,2015,1.9,3.5686607,.41336387,.15340009,.077830344,.22695975,995458498,411486589
Sub-Saharan Africa,SSA,2015,3.2,3.5686607,.67785478,.31810078,.18642011,.5122906,995458498,674776296
Sub-Saharan Africa,SSA,2015,5.5,3.5686607,.86298352,.51471096,.35050428,.93475676,995458498,859064256
Sub-Saharan Africa,SSA,2016,1.9,3.5899734,.40857425,.15206602,.077228777,.22495678,1022530245,417779542
Sub-Saharan Africa,SSA,2016,3.2,3.5899734,.67289352,.31521013,.18474725,.50761187,1022530245,688054009
Sub-Saharan Africa,SSA,2016,5.5,3.5899734,.86081976,.51167822,.34788176,.92824543,1022530245,880214224
Sub-Saharan Africa,SSA,2017,1.9,3.6413558,.39977461,.14923336,.075919025,.22090471,1050162810,419828419
Sub-Saharan Africa,SSA,2017,3.2,3.6413558,.66393912,.30988699,.18146326,.49889269,1050162810,697244195
Sub-Saharan Africa,SSA,2017,5.5,3.6413558,.85694057,.50614047,.34300563,.91622442,1050162810,899927139
Sub-Saharan Africa,SSA,2018,1.9,3.7066586,.3893356,.14539877,.073989384,.21529679,1078319512,419828171
Sub-Saharan Africa,SSA,2018,3.2,3.7066586,.65369606,.30354476,.17727101,.4880574,1078319512,704893217
Sub-Saharan Africa,SSA,2018,5.5,3.7066586,.8528195,.49974984,.33721823,.90175927,1078319512,919611908
Sub-Saharan Africa,SSA,2019,1.9,3.7433455,.38331512,.14303468,.072857134,.21198246,1106957870,424313686
Sub-Saharan Africa,SSA,2019,3.2,3.7433455,.647017,.29949331,.17464374,.48133433,1106957870,716220585
Sub-Saharan Africa,SSA,2019,5.5,3.7433455,.85012984,.49559757,.33349198,.89261162,1106957870,941057925
World,WLD,1981,1.9,9.7007933,.42639947,.18101786,.097227022,.27363265,4512627207.8,1924181856
World,WLD,1981,3.2,9.7007933,.57308364,.31578445,.20222291,.53842831,4512627207.8,2586112726
World,WLD,1981,5.5,9.7007933,.66417009,.47700858,.38563421,.87552458,4512627207.8,2997151954
World,WLD,1982,1.9,9.6529312,.42129201,.17292765,.090685688,.25809509,4593894313.1,1935370982
World,WLD,1982,3.2,9.6529312,.57422447,.31048971,.19565502,.52218062,4593894313.1,2637926501
World,WLD,1982,5.5,9.6529312,.66667241,.47717676,.38457382,.86017811,4593894313.1,3062622588
World,WLD,1983,1.9,9.7837667,.4127875,.16275682,.083166949,.23984542,4675884422.6,1930146640
World,WLD,1983,3.2,9.7837667,.57584375,.30341601,.18739501,.50239366,4675884422.6,2692578840
World,WLD,1983,5.5,9.7837667,.67007822,.47764149,.38339993,.84189469,4675884422.6,3133208423
World,WLD,1984,1.9,9.9062071,.39565778,.14740293,.0727029,.21377701,4757600611.4,1882381718
World,WLD,1984,3.2,9.9062071,.57199425,.29050034,.17437558,.47136179,4757600611.4,2721320170
World,WLD,1984,5.5,9.9062071,.67047191,.43244603,.30795953,.810211,4757600611.4,3189837657
World,WLD,1985,1.9,10.023499,.38031521,.1382931,.067424268,.19967824,4840833114.6,1841042532
World,WLD,1985,3.2,10.023499,.56641066,.28088975,.16612062,.45179081,4840833114.6,2741899428
World,WLD,1985,5.5,10.023499,.66919506,.42580429,.29994079,.78922117,4840833114.6,3239461629
World,WLD,1986,1.9,10.312546,.36698925,.13185969,.064079419,.19017591,4926459336,1807957601
World,WLD,1986,3.2,10.312546,.55817664,.27268291,.15989669,.43655843,4926459336,2749834491
World,WLD,1986,5.5,10.312546,.66449106,.41852534,.29269716,.77063274,4926459336,3273588201
World,WLD,1987,1.9,10.357554,.35669535,.12666842,.061430141,.18221763,5014325797.8,1788586655
World,WLD,1987,3.2,10.357554,.55604213,.2671015,.15520403,.42551413,5014325797.8,2788176343
World,WLD,1987,5.5,10.357554,.66837013,.41611588,.28859189,.76048636,5014325797.8,3351425601
World,WLD,1988,1.9,10.518317,.33860695,.11763303,.05658032,.16865796,5103119944.9,1727951949
World,WLD,1988,3.2,10.518317,.54794538,.25626987,.14658174,.40483031,5103119944.9,2796231104
World,WLD,1988,5.5,10.518317,.66844314,.40863174,.27969903,.73777664,5103119944.9,3411145492
World,WLD,1989,1.9,10.646587,.3692925,.13300839,.064502679,.19071794,5191878475,1917321747
World,WLD,1989,3.2,10.646587,.55653739,.27305207,.1605715,.43676832,5191878475,2889474493
World,WLD,1989,5.5,10.646587,.6688301,.41941944,.29323199,.77138561,5191878475,3472484566
World,WLD,1990,1.9,10.650426,.36303464,.12913185,.06227348,.1853976,5280062644,1916845657
World,WLD,1990,3.2,10.650426,.55455345,.26911473,.15715657,.42920965,5280062644,2928076891
World,WLD,1990,5.5,10.650426,.6702922,.41715562,.29008746,.76381534,5280062644,3539184650
World,WLD,1991,1.9,10.545866,.3594197,.12773286,.061796825,.18338224,5368139818,1929415237
World,WLD,1991,3.2,10.545866,.55428493,.26759711,.15596791,.4257454,5368139818,2975479097
World,WLD,1991,5.5,10.545866,.67331368,.41704243,.28918636,.76139063,5368139818,3614442049
World,WLD,1992,1.9,10.449069,.35017559,.12371518,.059972346,.17726892,5454489392,1910029094
World,WLD,1992,3.2,10.449069,.5505442,.26252288,.15215649,.41552544,5454489392,3002937366
World,WLD,1992,5.5,10.449069,.67728108,.4144671,.28530788,.75158113,5454489392,3694222506
World,WLD,1993,1.9,10.436272,.34128943,.11997136,.058150779,.17172383,5539658009,1890626800
World,WLD,1993,3.2,10.436272,.54621512,.25751546,.14847365,.40588462,5539658009,3025844888
World,WLD,1993,5.5,10.436272,.68130112,.41159859,.28116521,.74206966,5539658009,3774175056
World,WLD,1994,1.9,10.56822,.33060116,.1125551,.053845383,.16171195,5623744597,1859216387
World,WLD,1994,3.2,10.56822,.53960133,.24881496,.14145459,.38970625,5623744597,3034579932
World,WLD,1994,5.5,10.56822,.68205512,.40551636,.27391288,.72433251,5623744597,3835703725
World,WLD,1995,1.9,10.764052,.3116661,.10469814,.049890403,.14926559,5706753581,1778601719
World,WLD,1995,3.2,10.764052,.52786475,.2383467,.13377093,.37017289,5706753581,3012394232
World,WLD,1995,5.5,10.764052,.67455178,.39557588,.26448691,.69956422,5706753581,3849500653
World,WLD,1996,1.9,10.874055,.29667422,.098886766,.047055647,.1404141,5789655178,1717641523
World,WLD,1996,3.2,10.874055,.51872295,.23000911,.12776554,.35533166,5789655178,3003227071
World,WLD,1996,5.5,10.874055,.67357779,.38874698,.25734636,.68179315,5789655178,3899783000
World,WLD,1997,1.9,11.014666,.29494646,.098762579,.047072127,.14024708,5872284397,1732009472
World,WLD,1997,3.2,11.014666,.51280653,.22827058,.12714848,.3530075,5872284397,3011345800
World,WLD,1997,5.5,11.014666,.66853553,.38530937,.25525382,.67616683,5872284397,3925830591
World,WLD,1998,1.9,11.151486,.29787788,.10049558,.047902498,.14232793,5954004340,1773566152
World,WLD,1998,3.2,11.151486,.51106989,.22945477,.12846705,.35531318,5954004340,3042912449
World,WLD,1998,5.5,11.151486,.66670531,.38502014,.25586876,.67717087,5954004340,3969566482
World,WLD,1999,1.9,11.2122,.28780234,.095870078,.045630645,.13625482,6034484369,1736738729
World,WLD,1999,3.2,11.2122,.50752681,.22389497,.12409541,.3455326,6034484369,3062662486
World,WLD,1999,5.5,11.2122,.66993672,.3819223,.25155038,.66750723,6034484369,4042722596
World,WLD,2000,1.9,11.507797,.27686521,.091747716,.043656956,.13060656,6114324044,1692843622
World,WLD,2000,3.2,11.507797,.49475694,.21652323,.11952221,.33344036,6114324044,3025104178
World,WLD,2000,5.5,11.507797,.65850806,.37234816,.24413379,.64850605,6114324044,4026331539
World,WLD,2001,1.9,11.727384,.26893035,.088364229,.041744243,.12637019,6193663732,1665664214
World,WLD,2001,3.2,11.727384,.48621652,.21105079,.11582354,.32508025,6193663732,3011461533
World,WLD,2001,5.5,11.727384,.65140331,.36584058,.23881143,.63585132,6193663732,4034572916
World,WLD,2002,1.9,11.879631,.25629234,.083118305,.038727324,.11835417,6272724236,1607651186
World,WLD,2002,3.2,11.879631,.47157779,.20211999,.10992435,.30985448,6272724236,2958077398
World,WLD,2002,5.5,11.879631,.64060026,.35534507,.23016778,.61363029,6272724236,4018308982
World,WLD,2003,1.9,12.041539,.24429861,.077714406,.035860144,.11100881,6351855732,1551749486
World,WLD,2003,3.2,12.041539,.46180224,.1942119,.10431854,.29643586,6351855732,2933301152
World,WLD,2003,5.5,12.041539,.63430732,.34748411,.22294405,.5958938,6351855732,4029028748
World,WLD,2004,1.9,12.29758,.22645305,.070480227,.032132227,.099229015,6431527221,1456438995
World,WLD,2004,3.2,12.29758,.44243041,.18179706,.096228369,.27424586,6431527221,2845503271
World,WLD,2004,5.5,12.29758,.61974293,.33327848,.21111459,.56454146,6431527221,3985893451
World,WLD,2005,1.9,12.634869,.20829123,.063526161,.028906383,.090084016,6511724848,1356335185
World,WLD,2005,3.2,12.634869,.42194045,.16917382,.088269286,.25481343,6511724848,2747560102
World,WLD,2005,5.5,12.634869,.60385215,.31849325,.19903339,.53531229,6511724848,3932118916
World,WLD,2006,1.9,12.994472,.20088388,.060646042,.027357006,.08444982,6592711655,1324369461
World,WLD,2006,3.2,12.994472,.41045418,.16352195,.084858209,.24372627,6592711655,2706006155
World,WLD,2006,5.5,12.994472,.59126407,.30994686,.19295137,.51785678,6592711655,3898033605
World,WLD,2007,1.9,13.463705,.1891651,.05648654,.02531754,.078171477,6674181848,1262522327
World,WLD,2007,3.2,13.463705,.39400718,.15519577,.07987158,.22998244,6674181848,2629675516
World,WLD,2007,5.5,13.463705,.57577169,.29837248,.18435796,.49532786,6674181848,3842805131
World,WLD,2008,1.9,13.545466,.18151776,.053658556,.023837602,.073821597,6757000414,1226515611
World,WLD,2008,3.2,13.545466,.38380882,.14981449,.076550268,.220943,6757000414,2593396334
World,WLD,2008,5.5,13.545466,.56523418,.29081836,.17877235,.48054191,6757000414,3819287706
World,WLD,2009,1.9,13.648278,.17342013,.050933171,.022653293,.070879221,6839553692,1186116344
World,WLD,2009,3.2,13.648278,.37263885,.14407356,.0732136,.21270657,6839553692,2548683420
World,WLD,2009,5.5,13.648278,.55638748,.28324842,.17301109,.46688527,6839553692,3805442068
World,WLD,2010,1.9,13.893891,.15911429,.046163693,.020437056,.063232504,6921854591,1101365958
World,WLD,2010,3.2,13.893891,.35300294,.13420103,.067423701,.19607982,6921854591,2443435085
World,WLD,2010,5.5,13.893891,.53825152,.2693207,.1627712,.43943992,6921854591,3725698946
World,WLD,2011,1.9,14.133967,.13712257,.04096457,.019377086,.09167105,7003760440,960373654
World,WLD,2011,3.2,14.133967,.3273021,.12066271,.060380884,.21102533,7003760440,2292345513
World,WLD,2011,5.5,14.133967,.52088457,.25245836,.14979535,.44254956,7003760440,3648150913
World,WLD,2012,1.9,14.317482,.12856904,.036984097,.016550347,.050721921,7089254548,911458651
World,WLD,2012,3.2,14.317482,.31447622,.11358629,.055645015,.16405065,7089254548,2229402068
World,WLD,2012,5.5,14.317482,.50782967,.24282324,.14243089,.38850176,7089254548,3600133880
World,WLD,2013,1.9,14.615659,.11222185,.032887291,.015025306,.045443218,7175500378,805247930
World,WLD,2013,3.2,14.615659,.28935766,.10207608,.049744006,.14699097,7175500378,2076286063
World,WLD,2013,5.5,14.615659,.48667637,.22609146,.13045347,.35831529,7175500378,3492146402
World,WLD,2014,1.9,14.828042,.10571782,.031209202,.014381735,.043327775,7261846543,767706566
World,WLD,2014,3.2,14.828042,.27713439,.096931018,.047169853,.13967568,7261846543,2012507470
World,WLD,2014,5.5,14.828042,.47347516,.21764921,.12482756,.34393516,7261846543,3438303964
World,WLD,2015,1.9,15.119928,.100647,.030096699,.013978764,.041984774,7347679005,739521855
World,WLD,2015,3.2,15.119928,.26475325,.092259862,.045066521,.13338383,7347679005,1945321896
World,WLD,2015,5.5,15.119928,.46084911,.20948219,.11957178,.33053982,7347679005,3386171351
World,WLD,2016,1.9,15.531969,.095565729,.029257417,.013806041,.040993318,7433569330,710394484
World,WLD,2016,3.2,15.531969,.25306365,.088064857,.04329085,.12784669,7433569330,1881166134
World,WLD,2016,5.5,15.531969,.44845784,.20188284,.11477374,.31816962,7433569330,3333642386
World,WLD,2017,1.9,15.828176,.091061637,.028408406,.01358688,.040241234,7519183459,684709170
World,WLD,2017,3.2,15.828176,.24247397,.084222898,.041627351,.12303577,7519183459,1823206253
World,WLD,2017,5.5,15.828176,.43998462,.19582275,.11075556,.30804732,7519183459,3308324974
World,WLD,2018,1.9,16.273642,.086345501,.027253971,.013134137,.038653687,7602454161,656437691
World,WLD,2018,3.2,16.273642,.23155554,.080053635,.0396761,.11712801,7602454161,1760390366
World,WLD,2018,5.5,16.273642,.4287388,.18855238,.10604278,.29591468,7602454161,3259467131
